Path;SteerAngle;Throttle;Brake;Speed;X_Position;Y_Position;Pitch;Yaw;Roll
C:\Users\dgawronski\dodo\Rover_Project_1_dgawronski\scr_shots\IMG\robocam_2018_04_27_15_28_48_782.jpg;0;0;1;0;99.66999;85.58897;0.0002406872;223.1333;-1.682788E-06
C:\Users\dgawronski\dodo\Rover_Project_1_dgawronski\scr_shots\IMG\robocam_2018_04_27_15_28_48_799.jpg;0;0;0;0;99.66999;85.58897;0.0002364293;223.1333;-3.935363E-06
C:\Users\dgawronski\dodo\Rover_Project_1_dgawronski\scr_shots\IMG\robocam_2018_04_27_15_28_48_851.jpg;-15;0;0;0;99.66999;85.58897;0.0002368812;221.3334;3.254725E-06
C:\Users\dgawronski\dodo\Rover_Project_1_dgawronski\scr_shots\IMG\robocam_2018_04_27_15_28_48_919.jpg;-10.97134;0;0;0;99.66999;85.58897;0.0002353659;218.4575;1.373111E-05
C:\Users\dgawronski\dodo\Rover_Project_1_dgawronski\scr_shots\IMG\robocam_2018_04_27_15_28_48_986.jpg;-6.962676;0;0;0;99.66999;85.58897;0.0002330476;217.0841;1.916799E-05
C:\Users\dgawronski\dodo\Rover_Project_1_dgawronski\scr_shots\IMG\robocam_2018_04_27_15_28_49_052.jpg;-7.047326;0;0;0;99.66999;85.58897;0.0002308701;215.5817;2.242812E-05
C:\Users\dgawronski\dodo\Rover_Project_1_dgawronski\scr_shots\IMG\robocam_2018_04_27_15_28_49_120.jpg;-3.045381;0;0;0;99.66999;85.58897;0.0002267795;214.6129;1.962511E-05
C:\Users\dgawronski\dodo\Rover_Project_1_dgawronski\scr_shots\IMG\robocam_2018_04_27_15_28_49_186.jpg;0;0;0;0;99.66999;85.58897;0.0002268466;214.5534;1.454858E-05
C:\Users\dgawronski\dodo\Rover_Project_1_dgawronski\scr_shots\IMG\robocam_2018_04_27_15_28_49_252.jpg;0.03126606;0;0;0;99.66999;85.58897;0.0002281173;214.3151;1.16424E-05
C:\Users\dgawronski\dodo\Rover_Project_1_dgawronski\scr_shots\IMG\robocam_2018_04_27_15_28_49_319.jpg;3.994231;0;0;0;99.66999;85.58897;0.0002280767;215.0346;3.482134E-06
C:\Users\dgawronski\dodo\Rover_Project_1_dgawronski\scr_shots\IMG\robocam_2018_04_27_15_28_49_386.jpg;8.016503;0;0;0;99.66999;85.58897;0.0002288271;216.3567;-4.841722E-06
C:\Users\dgawronski\dodo\Rover_Project_1_dgawronski\scr_shots\IMG\robocam_2018_04_27_15_28_49_452.jpg;8.068437;0;0;0;99.66999;85.58897;0.0002293706;217.5649;-1.235225E-05
C:\Users\dgawronski\dodo\Rover_Project_1_dgawronski\scr_shots\IMG\robocam_2018_04_27_15_28_49_519.jpg;12.07257;0;0;0;99.66999;85.58897;0.0002286014;220.2202;-2.436238E-05
C:\Users\dgawronski\dodo\Rover_Project_1_dgawronski\scr_shots\IMG\robocam_2018_04_27_15_28_49_586.jpg;15;0;0;0;99.66999;85.58897;0.0002272614;222.862;-3.572064E-05
C:\Users\dgawronski\dodo\Rover_Project_1_dgawronski\scr_shots\IMG\robocam_2018_04_27_15_28_49_653.jpg;13.01701;0.1977327;0;0;99.66986;85.58867;0.006781762;222.8894;0.002843205
C:\Users\dgawronski\dodo\Rover_Project_1_dgawronski\scr_shots\IMG\robocam_2018_04_27_15_28_49_719.jpg;9.025028;0.3973317;0;0.01557616;99.6683;85.5868;0.05896131;222.9561;0.009052929
C:\Users\dgawronski\dodo\Rover_Project_1_dgawronski\scr_shots\IMG\robocam_2018_04_27_15_28_49_786.jpg;5.035285;0.5968188;0;0.01994932;99.66587;85.58444;0.1272549;222.9058;0.009412227
C:\Users\dgawronski\dodo\Rover_Project_1_dgawronski\scr_shots\IMG\robocam_2018_04_27_15_28_49_852.jpg;1.027639;0.7972012;0;0.05773539;99.661;85.57975;0.2605795;222.952;0.01048626
C:\Users\dgawronski\dodo\Rover_Project_1_dgawronski\scr_shots\IMG\robocam_2018_04_27_15_28_49_919.jpg;0;0.9972908;0;0.112037;99.65031;85.56994;0.5227596;222.8961;-0.0007240169
C:\Users\dgawronski\dodo\Rover_Project_1_dgawronski\scr_shots\IMG\robocam_2018_04_27_15_28_49_986.jpg;0;1;0;0.1672888;99.63926;85.55955;0.7592614;222.8858;0.0002102335
C:\Users\dgawronski\dodo\Rover_Project_1_dgawronski\scr_shots\IMG\robocam_2018_04_27_15_28_50_052.jpg;0;1;0;0.2481514;99.62515;85.54652;1.029927;222.8195;-0.0004131598
C:\Users\dgawronski\dodo\Rover_Project_1_dgawronski\scr_shots\IMG\robocam_2018_04_27_15_28_50_119.jpg;0;1;0;0.2852955;99.60449;85.52745;1.311229;222.7734;-0.0007787387
C:\Users\dgawronski\dodo\Rover_Project_1_dgawronski\scr_shots\IMG\robocam_2018_04_27_15_28_50_186.jpg;0;1;0;0.3384785;99.58916;85.5131;1.271735;222.8716;-0.003547556
C:\Users\dgawronski\dodo\Rover_Project_1_dgawronski\scr_shots\IMG\robocam_2018_04_27_15_28_50_253.jpg;0;1;0;0.4137272;99.57239;85.49755;1.130971;222.9235;-0.001628277
C:\Users\dgawronski\dodo\Rover_Project_1_dgawronski\scr_shots\IMG\robocam_2018_04_27_15_28_50_321.jpg;0;1;0;0.463015;99.54596;85.47311;1.03127;222.9576;-0.0008827581
C:\Users\dgawronski\dodo\Rover_Project_1_dgawronski\scr_shots\IMG\robocam_2018_04_27_15_28_50_387.jpg;0;1;0;0.5228106;99.52226;85.45116;1.046558;222.9609;-0.0001449256
C:\Users\dgawronski\dodo\Rover_Project_1_dgawronski\scr_shots\IMG\robocam_2018_04_27_15_28_50_453.jpg;0;1;0;0.5940095;99.49622;85.427;1.100539;223.0087;-0.0003446146
C:\Users\dgawronski\dodo\Rover_Project_1_dgawronski\scr_shots\IMG\robocam_2018_04_27_15_28_50_520.jpg;0;1;0;0.6314032;99.45713;85.39082;1.227796;223.0199;-0.0007749241
C:\Users\dgawronski\dodo\Rover_Project_1_dgawronski\scr_shots\IMG\robocam_2018_04_27_15_28_50_586.jpg;0;1;0;0.6779924;99.42704;85.36298;1.228553;222.9517;-0.0006135774
C:\Users\dgawronski\dodo\Rover_Project_1_dgawronski\scr_shots\IMG\robocam_2018_04_27_15_28_50_653.jpg;0;1;0;0.7389494;99.3946;85.33298;1.207141;222.9703;-0.001219753
C:\Users\dgawronski\dodo\Rover_Project_1_dgawronski\scr_shots\IMG\robocam_2018_04_27_15_28_50_720.jpg;0;1;0;0.8051145;99.3476;85.28954;1.192804;222.9912;0.0001536058
C:\Users\dgawronski\dodo\Rover_Project_1_dgawronski\scr_shots\IMG\robocam_2018_04_27_15_28_50_786.jpg;0;1;0;0.8427953;99.30939;85.25423;1.209517;222.994;-0.001076341
C:\Users\dgawronski\dodo\Rover_Project_1_dgawronski\scr_shots\IMG\robocam_2018_04_27_15_28_50_853.jpg;0;1;0;0.9155632;99.26882;85.21669;1.227549;223.0124;-0.001109467
C:\Users\dgawronski\dodo\Rover_Project_1_dgawronski\scr_shots\IMG\robocam_2018_04_27_15_28_50_920.jpg;0;1;0;0.9643584;99.21167;85.16382;1.228978;223.0034;-0.001060738
C:\Users\dgawronski\dodo\Rover_Project_1_dgawronski\scr_shots\IMG\robocam_2018_04_27_15_28_50_987.jpg;0;1;0;1.012835;99.16651;85.12205;1.215353;222.9833;-0.000646372
C:\Users\dgawronski\dodo\Rover_Project_1_dgawronski\scr_shots\IMG\robocam_2018_04_27_15_28_51_053.jpg;0;1;0;1.076699;99.11922;85.07829;1.218896;223.0088;-0.0009670639
C:\Users\dgawronski\dodo\Rover_Project_1_dgawronski\scr_shots\IMG\robocam_2018_04_27_15_28_51_120.jpg;0;1;0;1.118149;99.05281;85.01685;1.225027;223.0257;-0.0006591037
C:\Users\dgawronski\dodo\Rover_Project_1_dgawronski\scr_shots\IMG\robocam_2018_04_27_15_28_51_187.jpg;0;1;0;1.167326;99.00079;84.96867;1.222264;222.9868;-0.0006938489
C:\Users\dgawronski\dodo\Rover_Project_1_dgawronski\scr_shots\IMG\robocam_2018_04_27_15_28_51_253.jpg;0;1;0;1.232074;98.9463;84.91825;1.235951;222.9778;-0.0008956568
C:\Users\dgawronski\dodo\Rover_Project_1_dgawronski\scr_shots\IMG\robocam_2018_04_27_15_28_51_320.jpg;0;1;0;1.275137;98.87085;84.84849;1.233317;222.9484;-0.0007337215
C:\Users\dgawronski\dodo\Rover_Project_1_dgawronski\scr_shots\IMG\robocam_2018_04_27_15_28_51_387.jpg;0;1;0;1.325312;98.81174;84.79387;1.235592;222.9289;-0.000889999
C:\Users\dgawronski\dodo\Rover_Project_1_dgawronski\scr_shots\IMG\robocam_2018_04_27_15_28_51_454.jpg;0;1;0;1.387257;98.75042;84.73727;1.24273;222.9033;-0.0008291558
C:\Users\dgawronski\dodo\Rover_Project_1_dgawronski\scr_shots\IMG\robocam_2018_04_27_15_28_51_521.jpg;0;1;0;1.434134;98.66549;84.65895;1.248171;222.8847;-0.0009284322
C:\Users\dgawronski\dodo\Rover_Project_1_dgawronski\scr_shots\IMG\robocam_2018_04_27_15_28_51_587.jpg;0;1;0;1.481367;98.59936;84.59801;1.250139;222.8725;-0.0009499959
C:\Users\dgawronski\dodo\Rover_Project_1_dgawronski\scr_shots\IMG\robocam_2018_04_27_15_28_51_654.jpg;0;1;0;1.543855;98.53109;84.53513;1.256441;222.8589;-0.0009423124
C:\Users\dgawronski\dodo\Rover_Project_1_dgawronski\scr_shots\IMG\robocam_2018_04_27_15_28_51_721.jpg;0;1;0;1.590348;98.4369;84.44842;1.261382;222.844;-0.0009768469
C:\Users\dgawronski\dodo\Rover_Project_1_dgawronski\scr_shots\IMG\robocam_2018_04_27_15_28_51_788.jpg;0;1;0;1.636613;98.36389;84.38123;1.263376;222.834;-0.0009702294
C:\Users\dgawronski\dodo\Rover_Project_1_dgawronski\scr_shots\IMG\robocam_2018_04_27_15_28_51_854.jpg;0;1;0;1.698122;98.28876;84.31213;1.270176;222.8226;-0.001010209
C:\Users\dgawronski\dodo\Rover_Project_1_dgawronski\scr_shots\IMG\robocam_2018_04_27_15_28_51_922.jpg;0;1;0;1.744824;98.18546;84.21716;1.274746;222.8082;-0.001042395
C:\Users\dgawronski\dodo\Rover_Project_1_dgawronski\scr_shots\IMG\robocam_2018_04_27_15_28_51_987.jpg;0;1;0;1.789901;98.10561;84.14378;1.278335;222.7968;-0.001038394
C:\Users\dgawronski\dodo\Rover_Project_1_dgawronski\scr_shots\IMG\robocam_2018_04_27_15_28_52_054.jpg;0;1;0;1.851304;98.0237;84.06855;1.283746;222.7858;-0.00107357
C:\Users\dgawronski\dodo\Rover_Project_1_dgawronski\scr_shots\IMG\robocam_2018_04_27_15_28_52_121.jpg;0;1;0;1.896634;97.91141;83.96546;1.287142;222.7716;-0.001074692
C:\Users\dgawronski\dodo\Rover_Project_1_dgawronski\scr_shots\IMG\robocam_2018_04_27_15_28_52_188.jpg;0;1;0;1.941803;97.82479;83.88598;1.293189;222.7611;-0.001116967
C:\Users\dgawronski\dodo\Rover_Project_1_dgawronski\scr_shots\IMG\robocam_2018_04_27_15_28_52_254.jpg;0;1;0;2.001743;97.73619;83.80471;1.297684;222.7501;-0.001125242
C:\Users\dgawronski\dodo\Rover_Project_1_dgawronski\scr_shots\IMG\robocam_2018_04_27_15_28_52_322.jpg;0;1;0;2.046601;97.61497;83.69357;1.300455;222.7344;-0.001156307
C:\Users\dgawronski\dodo\Rover_Project_1_dgawronski\scr_shots\IMG\robocam_2018_04_27_15_28_52_388.jpg;-2.99703;1;0;2.091203;97.5211;83.60899;1.298681;222.5251;-0.0001349842
C:\Users\dgawronski\dodo\Rover_Project_1_dgawronski\scr_shots\IMG\robocam_2018_04_27_15_28_52_454.jpg;-6.007514;1;0;2.149438;97.42394;83.52408;1.29945;222.0145;0.001582983
C:\Users\dgawronski\dodo\Rover_Project_1_dgawronski\scr_shots\IMG\robocam_2018_04_27_15_28_52_522.jpg;-8.996799;1;0;2.191429;97.28839;83.41193;1.298328;220.7748;359.9849
C:\Users\dgawronski\dodo\Rover_Project_1_dgawronski\scr_shots\IMG\robocam_2018_04_27_15_28_52_588.jpg;-12.01216;1;0;2.232446;97.1819;83.33005;1.270855;219.4247;359.9301
C:\Users\dgawronski\dodo\Rover_Project_1_dgawronski\scr_shots\IMG\robocam_2018_04_27_15_28_52_654.jpg;-9.016025;1;0;2.288161;97.07244;83.24903;1.203702;218.0438;359.8905
C:\Users\dgawronski\dodo\Rover_Project_1_dgawronski\scr_shots\IMG\robocam_2018_04_27_15_28_52_722.jpg;-6.017151;1;0;2.333612;96.92191;83.14015;1.116381;216.6794;359.8563
C:\Users\dgawronski\dodo\Rover_Project_1_dgawronski\scr_shots\IMG\robocam_2018_04_27_15_28_52_789.jpg;-2.989657;1;0;2.378102;96.80554;83.0568;1.092188;216.062;359.8358
C:\Users\dgawronski\dodo\Rover_Project_1_dgawronski\scr_shots\IMG\robocam_2018_04_27_15_28_52_855.jpg;-0.007986836;1;0;2.435195;96.68701;82.97103;1.102661;215.7954;359.8444
C:\Users\dgawronski\dodo\Rover_Project_1_dgawronski\scr_shots\IMG\robocam_2018_04_27_15_28_52_922.jpg;0;1;0;2.476703;96.52557;82.8532;1.164591;215.76;359.8933
C:\Users\dgawronski\dodo\Rover_Project_1_dgawronski\scr_shots\IMG\robocam_2018_04_27_15_28_52_989.jpg;0;1;0;2.519654;96.40175;82.76279;1.235987;215.7787;359.9492
C:\Users\dgawronski\dodo\Rover_Project_1_dgawronski\scr_shots\IMG\robocam_2018_04_27_15_28_53_055.jpg;-3.008307;1;0;2.575106;96.27502;82.67174;1.320552;215.6357;-0.002771605
C:\Users\dgawronski\dodo\Rover_Project_1_dgawronski\scr_shots\IMG\robocam_2018_04_27_15_28_53_121.jpg;-6.009881;1;0;2.616605;96.10108;82.55269;1.366717;214.8539;0.001063571
C:\Users\dgawronski\dodo\Rover_Project_1_dgawronski\scr_shots\IMG\robocam_2018_04_27_15_28_53_188.jpg;-3.006629;1;0;2.659762;95.96803;82.46372;1.338738;214.2327;0.001116454
C:\Users\dgawronski\dodo\Rover_Project_1_dgawronski\scr_shots\IMG\robocam_2018_04_27_15_28_53_255.jpg;-0.01233827;1;0;2.718316;95.83246;82.37327;1.326744;213.9181;-0.0002425901
C:\Users\dgawronski\dodo\Rover_Project_1_dgawronski\scr_shots\IMG\robocam_2018_04_27_15_28_53_322.jpg;0;1;0;2.759551;95.64804;82.24998;1.350752;213.8215;-0.001698254
C:\Users\dgawronski\dodo\Rover_Project_1_dgawronski\scr_shots\IMG\robocam_2018_04_27_15_28_53_389.jpg;0;1;0;2.800856;95.5073;82.15626;1.357096;213.7965;-0.001466074
C:\Users\dgawronski\dodo\Rover_Project_1_dgawronski\scr_shots\IMG\robocam_2018_04_27_15_28_53_456.jpg;-3.002432;1;0;2.857037;95.31558;82.03072;1.35363;213.512;0.0001071251
C:\Users\dgawronski\dodo\Rover_Project_1_dgawronski\scr_shots\IMG\robocam_2018_04_27_15_28_53_522.jpg;-6.017139;1;0;2.898621;95.16795;81.93728;1.35074;212.9018;0.001134447
C:\Users\dgawronski\dodo\Rover_Project_1_dgawronski\scr_shots\IMG\robocam_2018_04_27_15_28_53_589.jpg;-9.021043;1;0;2.951153;95.01661;81.84575;1.334965;211.9092;359.9819
C:\Users\dgawronski\dodo\Rover_Project_1_dgawronski\scr_shots\IMG\robocam_2018_04_27_15_28_53_656.jpg;-6.032435;1;0;2.991091;94.80972;81.72571;1.291949;210.4909;359.927
C:\Users\dgawronski\dodo\Rover_Project_1_dgawronski\scr_shots\IMG\robocam_2018_04_27_15_28_53_722.jpg;-3.037184;1;0;3.032489;94.65182;81.63524;1.24113;209.7657;359.9166
C:\Users\dgawronski\dodo\Rover_Project_1_dgawronski\scr_shots\IMG\robocam_2018_04_27_15_28_53_789.jpg;-0.0214655;1;0;3.088461;94.49109;81.5437;1.218153;209.4224;359.9086
C:\Users\dgawronski\dodo\Rover_Project_1_dgawronski\scr_shots\IMG\robocam_2018_04_27_15_28_53_856.jpg;0;1;0;3.128422;94.2729;81.41912;1.239018;209.3466;359.9153
C:\Users\dgawronski\dodo\Rover_Project_1_dgawronski\scr_shots\IMG\robocam_2018_04_27_15_28_53_922.jpg;0;1;0;3.167783;94.10656;81.32404;1.274834;209.3648;359.9428
C:\Users\dgawronski\dodo\Rover_Project_1_dgawronski\scr_shots\IMG\robocam_2018_04_27_15_28_53_989.jpg;0;1;0;3.221744;93.93776;81.22764;1.332363;209.3902;359.9814
C:\Users\dgawronski\dodo\Rover_Project_1_dgawronski\scr_shots\IMG\robocam_2018_04_27_15_28_54_056.jpg;0;1;0;3.260904;93.70909;81.09814;1.402882;209.4031;-0.002958358
C:\Users\dgawronski\dodo\Rover_Project_1_dgawronski\scr_shots\IMG\robocam_2018_04_27_15_28_54_123.jpg;-1.523187;1;0;3.301582;93.5354;81.00101;1.400428;209.3184;-0.001427402
C:\Users\dgawronski\dodo\Rover_Project_1_dgawronski\scr_shots\IMG\robocam_2018_04_27_15_28_54_189.jpg;-4.506547;1;0;3.356926;93.35871;80.90456;1.389716;208.9609;7.211172E-05
C:\Users\dgawronski\dodo\Rover_Project_1_dgawronski\scr_shots\IMG\robocam_2018_04_27_15_28_54_256.jpg;-7.508916;1;0;3.394717;93.11783;80.7785;1.370165;207.8822;-0.002543425
C:\Users\dgawronski\dodo\Rover_Project_1_dgawronski\scr_shots\IMG\robocam_2018_04_27_15_28_54_323.jpg;-4.502093;1;0;3.433212;92.9335;80.68526;1.351018;207.0102;359.9809
C:\Users\dgawronski\dodo\Rover_Project_1_dgawronski\scr_shots\IMG\robocam_2018_04_27_15_28_54_390.jpg;-7.499187;1;0;3.485385;92.74577;80.59389;1.32721;206.112;359.9252
C:\Users\dgawronski\dodo\Rover_Project_1_dgawronski\scr_shots\IMG\robocam_2018_04_27_15_28_54_456.jpg;-10.49783;1;0;3.52162;92.49064;80.47832;1.2014;204.3537;359.8095
C:\Users\dgawronski\dodo\Rover_Project_1_dgawronski\scr_shots\IMG\robocam_2018_04_27_15_28_54_523.jpg;-13.49814;1;0;3.558151;92.29512;80.3988;1.026859;202.5538;359.6575
C:\Users\dgawronski\dodo\Rover_Project_1_dgawronski\scr_shots\IMG\robocam_2018_04_27_15_28_54_589.jpg;-15;1;0;3.601352;92.09634;80.32671;0.7729432;200.3792;359.4457
C:\Users\dgawronski\dodo\Rover_Project_1_dgawronski\scr_shots\IMG\robocam_2018_04_27_15_28_54_656.jpg;-15;1;0;3.63444;91.82626;80.24231;0.3345938;197.3157;359.077
C:\Users\dgawronski\dodo\Rover_Project_1_dgawronski\scr_shots\IMG\robocam_2018_04_27_15_28_54_723.jpg;-15;1;0;3.666205;91.62041;80.18753;359.9435;195.0349;358.7615
C:\Users\dgawronski\dodo\Rover_Project_1_dgawronski\scr_shots\IMG\robocam_2018_04_27_15_28_54_790.jpg;-15;1;0;3.697197;91.4086;80.13509;359.7827;193.0378;358.6412
C:\Users\dgawronski\dodo\Rover_Project_1_dgawronski\scr_shots\IMG\robocam_2018_04_27_15_28_54_857.jpg;-15;1;0;3.703763;91.11739;80.07286;359.9058;190.4403;358.7274
C:\Users\dgawronski\dodo\Rover_Project_1_dgawronski\scr_shots\IMG\robocam_2018_04_27_15_28_54_923.jpg;-15;1;0;3.727996;90.89304;80.03753;0.07472187;188.2025;358.8069
C:\Users\dgawronski\dodo\Rover_Project_1_dgawronski\scr_shots\IMG\robocam_2018_04_27_15_28_54_990.jpg;-15;1;0;3.782918;90.66825;80.01201;0.07411697;185.7548;358.8976
C:\Users\dgawronski\dodo\Rover_Project_1_dgawronski\scr_shots\IMG\robocam_2018_04_27_15_28_55_057.jpg;-13.50527;1;0;3.822378;90.36472;79.99575;0.005749472;182.6515;358.8255
C:\Users\dgawronski\dodo\Rover_Project_1_dgawronski\scr_shots\IMG\robocam_2018_04_27_15_28_55_123.jpg;-10.50578;1;0;3.85271;90.13346;79.98988;0.01188213;180.7663;358.8556
C:\Users\dgawronski\dodo\Rover_Project_1_dgawronski\scr_shots\IMG\robocam_2018_04_27_15_28_55_190.jpg;-7.508801;1;0;3.90187;89.89989;79.99069;0.01067617;179.2202;358.8965
C:\Users\dgawronski\dodo\Rover_Project_1_dgawronski\scr_shots\IMG\robocam_2018_04_27_15_28_55_257.jpg;-4.517325;1;0;3.939126;89.5847;79.99979;0.02258754;177.7828;358.9337
C:\Users\dgawronski\dodo\Rover_Project_1_dgawronski\scr_shots\IMG\robocam_2018_04_27_15_28_55_324.jpg;-1.501108;1;0;3.975881;89.34535;80.00991;0.04840332;177.1791;358.9754
C:\Users\dgawronski\dodo\Rover_Project_1_dgawronski\scr_shots\IMG\robocam_2018_04_27_15_28_55_390.jpg;0;1;0;4.025359;89.10326;80.02109;0.09846953;176.9512;359.0445
C:\Users\dgawronski\dodo\Rover_Project_1_dgawronski\scr_shots\IMG\robocam_2018_04_27_15_28_55_457.jpg;0;1;0;4.062065;88.77586;80.03762;0.236314;176.8742;359.1469
C:\Users\dgawronski\dodo\Rover_Project_1_dgawronski\scr_shots\IMG\robocam_2018_04_27_15_28_55_524.jpg;0;1;0;4.09764;88.52716;80.05042;0.3756045;176.8731;359.251
C:\Users\dgawronski\dodo\Rover_Project_1_dgawronski\scr_shots\IMG\robocam_2018_04_27_15_28_55_591.jpg;0;1;0;4.146408;88.27582;80.06343;0.5414935;176.8843;359.374
C:\Users\dgawronski\dodo\Rover_Project_1_dgawronski\scr_shots\IMG\robocam_2018_04_27_15_28_55_657.jpg;3.002522;1;0;4.182317;87.93654;80.07902;0.7994499;177.1625;359.5944
C:\Users\dgawronski\dodo\Rover_Project_1_dgawronski\scr_shots\IMG\robocam_2018_04_27_15_28_55_724.jpg;6.000601;1;0;4.217325;87.67901;80.0871;1.019425;177.7845;359.8285
C:\Users\dgawronski\dodo\Rover_Project_1_dgawronski\scr_shots\IMG\robocam_2018_04_27_15_28_55_791.jpg;9.007078;1;0;4.262434;87.41944;80.09134;1.236698;178.7832;0.08018687
C:\Users\dgawronski\dodo\Rover_Project_1_dgawronski\scr_shots\IMG\robocam_2018_04_27_15_28_55_857.jpg;8.986931;1;0;4.292915;87.07404;80.0913;1.326135;180.6193;0.3245848
C:\Users\dgawronski\dodo\Rover_Project_1_dgawronski\scr_shots\IMG\robocam_2018_04_27_15_28_55_924.jpg;6.005402;1;0;4.322375;86.81687;80.08826;1.170863;181.9284;0.3776297
C:\Users\dgawronski\dodo\Rover_Project_1_dgawronski\scr_shots\IMG\robocam_2018_04_27_15_28_55_991.jpg;3.008871;1;0;4.372525;86.55942;80.08112;0.8968819;183.0172;0.3845252
C:\Users\dgawronski\dodo\Rover_Project_1_dgawronski\scr_shots\IMG\robocam_2018_04_27_15_28_56_057.jpg;3.008371;1;0;4.418664;86.21098;80.06276;0.613596;183.7849;0.5352939
C:\Users\dgawronski\dodo\Rover_Project_1_dgawronski\scr_shots\IMG\robocam_2018_04_27_15_28_56_124.jpg;6.000742;1;0;4.452706;85.9467;80.04353;0.4568213;184.4078;0.7163156
C:\Users\dgawronski\dodo\Rover_Project_1_dgawronski\scr_shots\IMG\robocam_2018_04_27_15_28_56_191.jpg;9.013273;0.8990293;0;4.495916;85.68071;80.01949;0.3177501;185.3258;0.9272401
C:\Users\dgawronski\dodo\Rover_Project_1_dgawronski\scr_shots\IMG\robocam_2018_04_27_15_28_56_258.jpg;12.00771;0.6994005;0;4.518363;85.3274;79.97926;0.001424788;187.2098;1.169689
C:\Users\dgawronski\dodo\Rover_Project_1_dgawronski\scr_shots\IMG\robocam_2018_04_27_15_28_56_324.jpg;15;0.4986871;0;4.535104;85.06035;79.94193;359.8982;188.8704;1.255185
C:\Users\dgawronski\dodo\Rover_Project_1_dgawronski\scr_shots\IMG\robocam_2018_04_27_15_28_56_391.jpg;15;0.2984542;0;4.530745;84.79166;79.89717;359.9692;190.6032;1.276491
C:\Users\dgawronski\dodo\Rover_Project_1_dgawronski\scr_shots\IMG\robocam_2018_04_27_15_28_56_457.jpg;15;0.09898242;0;4.521695;84.43766;79.82615;-0.004618702;193.2302;1.146749
C:\Users\dgawronski\dodo\Rover_Project_1_dgawronski\scr_shots\IMG\robocam_2018_04_27_15_28_56_525.jpg;13.49286;0;0;4.503546;84.17713;79.75945;359.9921;195.2381;1.154943
C:\Users\dgawronski\dodo\Rover_Project_1_dgawronski\scr_shots\IMG\robocam_2018_04_27_15_28_56_591.jpg;10.4935;0;0;4.475884;83.91989;79.68492;359.9882;197.0434;1.189169
C:\Users\dgawronski\dodo\Rover_Project_1_dgawronski\scr_shots\IMG\robocam_2018_04_27_15_28_56_658.jpg;0;0;0;4.455147;83.57999;79.57878;0.007466517;198.6957;1.118922
C:\Users\dgawronski\dodo\Rover_Project_1_dgawronski\scr_shots\IMG\robocam_2018_04_27_15_28_56_724.jpg;0;0;0;4.439756;83.32821;79.49641;359.9464;199.0286;1.052383
C:\Users\dgawronski\dodo\Rover_Project_1_dgawronski\scr_shots\IMG\robocam_2018_04_27_15_28_56_791.jpg;0;0;0;4.419224;83.07751;79.41195;359.9122;199.1196;0.9815356
C:\Users\dgawronski\dodo\Rover_Project_1_dgawronski\scr_shots\IMG\robocam_2018_04_27_15_28_56_859.jpg;0;0;0;4.403815;82.74525;79.29818;359.8605;199.1444;0.8790802
C:\Users\dgawronski\dodo\Rover_Project_1_dgawronski\scr_shots\IMG\robocam_2018_04_27_15_28_56_925.jpg;2.999091;0;0;4.388782;82.49783;79.21147;359.814;199.3207;0.8183342
C:\Users\dgawronski\dodo\Rover_Project_1_dgawronski\scr_shots\IMG\robocam_2018_04_27_15_28_56_992.jpg;5.998669;0;0;4.368268;82.25237;79.1223;359.7676;199.8102;0.7986639
C:\Users\dgawronski\dodo\Rover_Project_1_dgawronski\scr_shots\IMG\robocam_2018_04_27_15_28_57_058.jpg;8.996928;0;0;4.351823;81.92872;78.9974;359.7292;201.0469;0.8658581
C:\Users\dgawronski\dodo\Rover_Project_1_dgawronski\scr_shots\IMG\robocam_2018_04_27_15_28_57_125.jpg;11.99405;0;0;4.33377;81.68833;78.89806;359.7765;202.3579;0.9531494
C:\Users\dgawronski\dodo\Rover_Project_1_dgawronski\scr_shots\IMG\robocam_2018_04_27_15_28_57_192.jpg;15;0;0;4.305501;81.45082;78.79214;359.9019;203.9908;1.088039
C:\Users\dgawronski\dodo\Rover_Project_1_dgawronski\scr_shots\IMG\robocam_2018_04_27_15_28_57_258.jpg;15;0;0;4.284132;81.14207;78.64145;0.02404531;206.6444;1.271901
C:\Users\dgawronski\dodo\Rover_Project_1_dgawronski\scr_shots\IMG\robocam_2018_04_27_15_28_57_325.jpg;15;0;0;4.26745;80.91604;78.52509;359.982;208.7768;1.221295
C:\Users\dgawronski\dodo\Rover_Project_1_dgawronski\scr_shots\IMG\robocam_2018_04_27_15_28_57_392.jpg;15;0;0.1004169;4.234261;80.69639;78.3982;0.01868862;210.8758;1.227488
C:\Users\dgawronski\dodo\Rover_Project_1_dgawronski\scr_shots\IMG\robocam_2018_04_27_15_28_57_458.jpg;13.49869;0;0.3001984;4.198228;80.41527;78.22192;359.9325;213.7659;1.154941
C:\Users\dgawronski\dodo\Rover_Project_1_dgawronski\scr_shots\IMG\robocam_2018_04_27_15_28_57_526.jpg;10.50981;0;0.4994568;4.108856;80.21724;78.08459;359.7846;215.4997;1.16623
C:\Users\dgawronski\dodo\Rover_Project_1_dgawronski\scr_shots\IMG\robocam_2018_04_27_15_28_57_592.jpg;7.502516;0;0.6999432;3.968942;80.02671;77.94679;359.6582;216.9456;1.073835
C:\Users\dgawronski\dodo\Rover_Project_1_dgawronski\scr_shots\IMG\robocam_2018_04_27_15_28_57_659.jpg;4.495335;0;0.9004219;3.835757;79.78828;77.76485;359.4014;218.4783;0.89033
C:\Users\dgawronski\dodo\Rover_Project_1_dgawronski\scr_shots\IMG\robocam_2018_04_27_15_28_57_725.jpg;1.502145;0;1;3.685257;79.62187;77.63283;359.1071;219.3736;0.678122
C:\Users\dgawronski\dodo\Rover_Project_1_dgawronski\scr_shots\IMG\robocam_2018_04_27_15_28_57_792.jpg;0;0;1;3.468599;79.46558;77.50583;358.735;219.9918;0.3882921
C:\Users\dgawronski\dodo\Rover_Project_1_dgawronski\scr_shots\IMG\robocam_2018_04_27_15_28_57_859.jpg;-2.998746;0;1;3.315833;79.26878;77.34104;358.3509;220.3495;359.978
C:\Users\dgawronski\dodo\Rover_Project_1_dgawronski\scr_shots\IMG\robocam_2018_04_27_15_28_57_925.jpg;-6.005569;0;1;3.196573;79.1282;77.21588;358.2887;220.6901;359.9864
C:\Users\dgawronski\dodo\Rover_Project_1_dgawronski\scr_shots\IMG\robocam_2018_04_27_15_28_57_992.jpg;-9.007795;0;1;3.039239;78.99007;77.09354;358.4232;221.155;0.003029376
C:\Users\dgawronski\dodo\Rover_Project_1_dgawronski\scr_shots\IMG\robocam_2018_04_27_15_28_58_059.jpg;-12.01795;0;1;2.92009;78.81287;76.93926;358.732;221.0095;359.9621
C:\Users\dgawronski\dodo\Rover_Project_1_dgawronski\scr_shots\IMG\robocam_2018_04_27_15_28_58_126.jpg;-15;0;1;2.708858;78.68994;76.84093;358.7295;219.6439;359.8856
C:\Users\dgawronski\dodo\Rover_Project_1_dgawronski\scr_shots\IMG\robocam_2018_04_27_15_28_58_192.jpg;-15;0;1;2.460342;78.57367;76.75237;358.6838;218.0556;359.8874
C:\Users\dgawronski\dodo\Rover_Project_1_dgawronski\scr_shots\IMG\robocam_2018_04_27_15_28_58_259.jpg;-15;0;1;2.303265;78.42492;76.64614;358.6948;216.2126;359.9752
C:\Users\dgawronski\dodo\Rover_Project_1_dgawronski\scr_shots\IMG\robocam_2018_04_27_15_28_58_326.jpg;-15;0;1;2.169681;78.31908;76.57837;358.6824;214.8684;359.9734
C:\Users\dgawronski\dodo\Rover_Project_1_dgawronski\scr_shots\IMG\robocam_2018_04_27_15_28_58_392.jpg;-15;0;1;1.937021;78.22051;76.51884;358.6545;213.4313;359.9809
C:\Users\dgawronski\dodo\Rover_Project_1_dgawronski\scr_shots\IMG\robocam_2018_04_27_15_28_58_459.jpg;-15;0;1;1.773991;78.09813;76.45052;358.6486;211.5951;359.9814
C:\Users\dgawronski\dodo\Rover_Project_1_dgawronski\scr_shots\IMG\robocam_2018_04_27_15_28_58_526.jpg;-13.48978;0;0;1.628765;78.01218;76.40586;358.6922;210.4106;359.9878
C:\Users\dgawronski\dodo\Rover_Project_1_dgawronski\scr_shots\IMG\robocam_2018_04_27_15_28_58_592.jpg;0;0;0.1002556;1.567616;77.92659;76.35879;358.9127;210.0925;0.01408046
C:\Users\dgawronski\dodo\Rover_Project_1_dgawronski\scr_shots\IMG\robocam_2018_04_27_15_28_58_659.jpg;0;0;0.3004706;1.52697;77.81834;76.29654;359.1238;210.0479;0.08824946
C:\Users\dgawronski\dodo\Rover_Project_1_dgawronski\scr_shots\IMG\robocam_2018_04_27_15_28_58_726.jpg;0;0;0.5004135;1.45693;77.74432;76.25412;359.1225;210.0403;0.1170758
C:\Users\dgawronski\dodo\Rover_Project_1_dgawronski\scr_shots\IMG\robocam_2018_04_27_15_28_58_793.jpg;0;0;0.7003725;1.302794;77.67932;76.21712;358.9268;210.038;0.1180169
C:\Users\dgawronski\dodo\Rover_Project_1_dgawronski\scr_shots\IMG\robocam_2018_04_27_15_28_58_859.jpg;0;0;0.9005593;1.174852;77.60503;76.17584;358.5435;210.1364;359.9796
C:\Users\dgawronski\dodo\Rover_Project_1_dgawronski\scr_shots\IMG\robocam_2018_04_27_15_28_58_926.jpg;0;0;1;1.057585;77.55362;76.14429;358.5086;210.3028;-0.004974116
C:\Users\dgawronski\dodo\Rover_Project_1_dgawronski\scr_shots\IMG\robocam_2018_04_27_15_28_58_993.jpg;0;0;1;0.8863357;77.50595;76.11549;358.6187;210.5054;0.002625796
C:\Users\dgawronski\dodo\Rover_Project_1_dgawronski\scr_shots\IMG\robocam_2018_04_27_15_28_59_059.jpg;0;0;1;0.7347261;77.46249;76.09015;358.51;210.491;0.003112364
C:\Users\dgawronski\dodo\Rover_Project_1_dgawronski\scr_shots\IMG\robocam_2018_04_27_15_28_59_127.jpg;0;0;1;0.3598767;77.45653;76.08947;358.0364;209.9972;359.9339
C:\Users\dgawronski\dodo\Rover_Project_1_dgawronski\scr_shots\IMG\robocam_2018_04_27_15_28_59_193.jpg;0;0;1;0.04566089;77.45676;76.09033;357.8991;209.8867;0.02237131
C:\Users\dgawronski\dodo\Rover_Project_1_dgawronski\scr_shots\IMG\robocam_2018_04_27_15_28_59_261.jpg;0;0;1;-0.04263357;77.45676;76.09015;358.1049;209.9167;0.139364
C:\Users\dgawronski\dodo\Rover_Project_1_dgawronski\scr_shots\IMG\robocam_2018_04_27_15_28_59_327.jpg;0;0;1;-0.0732602;77.45672;76.08949;358.3974;210.0167;0.2980591
C:\Users\dgawronski\dodo\Rover_Project_1_dgawronski\scr_shots\IMG\robocam_2018_04_27_15_28_59_393.jpg;0;0;1;-0.1162353;77.45669;76.08896;358.7825;210.1025;0.5035142
C:\Users\dgawronski\dodo\Rover_Project_1_dgawronski\scr_shots\IMG\robocam_2018_04_27_15_28_59_461.jpg;0;0;1;-0.1238577;77.45672;76.08852;359.2871;210.1864;0.7933534
C:\Users\dgawronski\dodo\Rover_Project_1_dgawronski\scr_shots\IMG\robocam_2018_04_27_15_28_59_527.jpg;0;0;1;-0.1166693;77.45681;76.08857;359.625;210.1965;0.9867426
C:\Users\dgawronski\dodo\Rover_Project_1_dgawronski\scr_shots\IMG\robocam_2018_04_27_15_28_59_594.jpg;0;0;1;-0.0902293;77.45681;76.08817;359.8856;210.2459;1.156655
C:\Users\dgawronski\dodo\Rover_Project_1_dgawronski\scr_shots\IMG\robocam_2018_04_27_15_28_59_660.jpg;0;0;0;-0.03281955;77.45697;76.0881;359.9926;210.2413;1.325355
C:\Users\dgawronski\dodo\Rover_Project_1_dgawronski\scr_shots\IMG\robocam_2018_04_27_15_28_59_727.jpg;0;0;0.1027277;0.03193871;77.45726;76.08849;359.9137;210.1864;1.384015
C:\Users\dgawronski\dodo\Rover_Project_1_dgawronski\scr_shots\IMG\robocam_2018_04_27_15_28_59_794.jpg;0;0;0.2995157;0.03500019;77.45702;76.08787;359.8308;210.2603;1.311889
C:\Users\dgawronski\dodo\Rover_Project_1_dgawronski\scr_shots\IMG\robocam_2018_04_27_15_28_59_860.jpg;0;0;0.4999279;0.08865583;77.45718;76.08797;359.6109;210.2362;1.094108
C:\Users\dgawronski\dodo\Rover_Project_1_dgawronski\scr_shots\IMG\robocam_2018_04_27_15_28_59_927.jpg;0;0;0.7000789;0.06914653;77.45728;76.08792;359.4489;210.229;0.9369819
C:\Users\dgawronski\dodo\Rover_Project_1_dgawronski\scr_shots\IMG\robocam_2018_04_27_15_28_59_994.jpg;0;0;0.9005329;0.06331025;77.45731;76.08765;359.3008;210.2483;0.7942897
C:\Users\dgawronski\dodo\Rover_Project_1_dgawronski\scr_shots\IMG\robocam_2018_04_27_15_29_00_060.jpg;0;0;1;0.06019413;77.45739;76.08746;359.121;210.2583;0.6181323
C:\Users\dgawronski\dodo\Rover_Project_1_dgawronski\scr_shots\IMG\robocam_2018_04_27_15_29_00_128.jpg;0;0;1;0.05186414;77.45746;76.08736;359.0049;210.2628;0.4999518
C:\Users\dgawronski\dodo\Rover_Project_1_dgawronski\scr_shots\IMG\robocam_2018_04_27_15_29_00_194.jpg;0;0;1;0.0430266;77.45746;76.08727;358.9102;210.2677;0.3929911
C:\Users\dgawronski\dodo\Rover_Project_1_dgawronski\scr_shots\IMG\robocam_2018_04_27_15_29_00_261.jpg;0;0;1;0.03511493;77.4575;76.08717;358.8134;210.2744;0.2870164
C:\Users\dgawronski\dodo\Rover_Project_1_dgawronski\scr_shots\IMG\robocam_2018_04_27_15_29_00_328.jpg;0;0;1;0.0205489;77.4576;76.0871;358.766;210.2804;0.2717876
C:\Users\dgawronski\dodo\Rover_Project_1_dgawronski\scr_shots\IMG\robocam_2018_04_27_15_29_00_394.jpg;1.493517;0;1;0;77.45759;76.08707;358.7622;210.2867;0.2900976
C:\Users\dgawronski\dodo\Rover_Project_1_dgawronski\scr_shots\IMG\robocam_2018_04_27_15_29_00_461.jpg;4.495591;0;1;-0.0133194;77.45768;76.08705;358.8168;210.2938;0.330768
C:\Users\dgawronski\dodo\Rover_Project_1_dgawronski\scr_shots\IMG\robocam_2018_04_27_15_29_00_528.jpg;1.501415;0;1;-0.02022858;77.45779;76.08704;358.8709;210.2983;0.3769947
C:\Users\dgawronski\dodo\Rover_Project_1_dgawronski\scr_shots\IMG\robocam_2018_04_27_15_29_00_594.jpg;0;0;0;-0.02333394;77.45782;76.08705;358.9348;210.3028;0.4245602
C:\Users\dgawronski\dodo\Rover_Project_1_dgawronski\scr_shots\IMG\robocam_2018_04_27_15_29_00_661.jpg;0;-0.1013436;0;-0.02511815;77.46011;76.08794;358.9894;210.3343;0.4826055
C:\Users\dgawronski\dodo\Rover_Project_1_dgawronski\scr_shots\IMG\robocam_2018_04_27_15_29_00_728.jpg;0;-0.3001626;0;-0.08409492;77.46478;76.09043;359.0438;210.4262;0.4329287
C:\Users\dgawronski\dodo\Rover_Project_1_dgawronski\scr_shots\IMG\robocam_2018_04_27_15_29_00_794.jpg;0;-0.5006686;0;-0.1486537;77.47092;76.09371;359.1519;210.451;0.2957315
C:\Users\dgawronski\dodo\Rover_Project_1_dgawronski\scr_shots\IMG\robocam_2018_04_27_15_29_00_861.jpg;0;-0.7014323;0;-0.2544712;77.4852;76.10185;359.2563;210.5741;0.007755053
C:\Users\dgawronski\dodo\Rover_Project_1_dgawronski\scr_shots\IMG\robocam_2018_04_27_15_29_00_928.jpg;0;-0.9008324;0;-0.2588751;77.49858;76.10915;359.3035;210.5381;359.8273
C:\Users\dgawronski\dodo\Rover_Project_1_dgawronski\scr_shots\IMG\robocam_2018_04_27_15_29_00_994.jpg;0;-1;0;-0.324843;77.51591;76.11885;359.2813;210.502;359.6889
C:\Users\dgawronski\dodo\Rover_Project_1_dgawronski\scr_shots\IMG\robocam_2018_04_27_15_29_01_062.jpg;0;-1;0;-0.3612518;77.54337;76.13418;359.2038;210.5605;359.5771
C:\Users\dgawronski\dodo\Rover_Project_1_dgawronski\scr_shots\IMG\robocam_2018_04_27_15_29_01_128.jpg;0;-1;0;-0.4282712;77.56724;76.14706;359.1598;210.3438;359.5921
C:\Users\dgawronski\dodo\Rover_Project_1_dgawronski\scr_shots\IMG\robocam_2018_04_27_15_29_01_195.jpg;1.506086;-1;0;-0.4853899;77.59334;76.16174;359.1396;210.2887;359.6814
C:\Users\dgawronski\dodo\Rover_Project_1_dgawronski\scr_shots\IMG\robocam_2018_04_27_15_29_01_262.jpg;4.498548;-1;0;-0.5508944;77.63129;76.18633;359.0713;210.0712;359.7852
C:\Users\dgawronski\dodo\Rover_Project_1_dgawronski\scr_shots\IMG\robocam_2018_04_27_15_29_01_329.jpg;7.507289;-1;0;-0.5742717;77.66152;76.20783;358.996;209.3784;359.8304
C:\Users\dgawronski\dodo\Rover_Project_1_dgawronski\scr_shots\IMG\robocam_2018_04_27_15_29_01_395.jpg;10.50991;-1;0;-0.6458579;77.69331;76.23138;358.9183;208.4378;359.8732
C:\Users\dgawronski\dodo\Rover_Project_1_dgawronski\scr_shots\IMG\robocam_2018_04_27_15_29_01_462.jpg;13.51067;-1;0;-0.6803078;77.73719;76.2661;358.8485;206.5574;359.9267
C:\Users\dgawronski\dodo\Rover_Project_1_dgawronski\scr_shots\IMG\robocam_2018_04_27_15_29_01_528.jpg;15;-1;0;-0.7213317;77.77148;76.29372;358.821;205.0276;359.9855
C:\Users\dgawronski\dodo\Rover_Project_1_dgawronski\scr_shots\IMG\robocam_2018_04_27_15_29_01_595.jpg;15;-1;0;-0.7643474;77.80789;76.32225;358.7947;203.3598;0.0107848
C:\Users\dgawronski\dodo\Rover_Project_1_dgawronski\scr_shots\IMG\robocam_2018_04_27_15_29_01_662.jpg;15;-1;0;-0.8187168;77.86076;76.36052;358.7863;201.1007;0.0153061
C:\Users\dgawronski\dodo\Rover_Project_1_dgawronski\scr_shots\IMG\robocam_2018_04_27_15_29_01_729.jpg;15;-1;0;-0.8563135;77.90311;76.38908;358.8098;199.3098;0.002517254
C:\Users\dgawronski\dodo\Rover_Project_1_dgawronski\scr_shots\IMG\robocam_2018_04_27_15_29_01_796.jpg;15;-1;0;-0.8969286;77.96419;76.42638;358.8201;196.6993;0.0005767396
C:\Users\dgawronski\dodo\Rover_Project_1_dgawronski\scr_shots\IMG\robocam_2018_04_27_15_29_01_862.jpg;15;-1;0;-0.9283201;78.0134;76.45393;358.8137;194.6527;0.005274944
C:\Users\dgawronski\dodo\Rover_Project_1_dgawronski\scr_shots\IMG\robocam_2018_04_27_15_29_01_929.jpg;15;-1;0;-0.9766404;78.06552;76.48045;358.8106;192.5355;0.01786896
C:\Users\dgawronski\dodo\Rover_Project_1_dgawronski\scr_shots\IMG\robocam_2018_04_27_15_29_01_995.jpg;15;-1;0;-1.012156;78.13949;76.51384;358.8081;189.6295;0.04335253
C:\Users\dgawronski\dodo\Rover_Project_1_dgawronski\scr_shots\IMG\robocam_2018_04_27_15_29_02_062.jpg;15;-1;0;-1.052208;78.19877;76.53719;358.8052;187.4595;0.05622068
C:\Users\dgawronski\dodo\Rover_Project_1_dgawronski\scr_shots\IMG\robocam_2018_04_27_15_29_02_129.jpg;15;-1;0;-1.103037;78.26099;76.55885;358.8143;185.2516;0.05615277
C:\Users\dgawronski\dodo\Rover_Project_1_dgawronski\scr_shots\IMG\robocam_2018_04_27_15_29_02_196.jpg;15;-1;0;-1.142652;78.34851;76.58483;358.829;182.2027;0.05337532
C:\Users\dgawronski\dodo\Rover_Project_1_dgawronski\scr_shots\IMG\robocam_2018_04_27_15_29_02_262.jpg;15;-1;0;-1.178272;78.41758;76.60178;358.8277;179.8405;0.06643318
C:\Users\dgawronski\dodo\Rover_Project_1_dgawronski\scr_shots\IMG\robocam_2018_04_27_15_29_02_329.jpg;15;-1;0;-1.225898;78.48952;76.6161;358.8277;177.466;0.08482264
C:\Users\dgawronski\dodo\Rover_Project_1_dgawronski\scr_shots\IMG\robocam_2018_04_27_15_29_02_396.jpg;15;-1;0;-1.263123;78.58916;76.63077;358.8522;174.1767;0.1058427
C:\Users\dgawronski\dodo\Rover_Project_1_dgawronski\scr_shots\IMG\robocam_2018_04_27_15_29_02_463.jpg;15;-1;0;-1.300803;78.66708;76.63807;358.8742;171.6976;0.125005
C:\Users\dgawronski\dodo\Rover_Project_1_dgawronski\scr_shots\IMG\robocam_2018_04_27_15_29_02_529.jpg;15;-0.9009323;0;-1.358585;78.74732;76.64195;358.9034;169.1861;0.1503334
C:\Users\dgawronski\dodo\Rover_Project_1_dgawronski\scr_shots\IMG\robocam_2018_04_27_15_29_02_596.jpg;12.00029;-0.7009519;0;-1.385514;78.85714;76.63907;358.9583;166.1866;0.2486236
C:\Users\dgawronski\dodo\Rover_Project_1_dgawronski\scr_shots\IMG\robocam_2018_04_27_15_29_02_663.jpg;0;-0.5006327;0;-1.421817;78.93843;76.62697;359.0859;164.9831;0.4389586
C:\Users\dgawronski\dodo\Rover_Project_1_dgawronski\scr_shots\IMG\robocam_2018_04_27_15_29_02_730.jpg;-3.002445;0;0.09969067;-1.409136;79.01495;76.60901;359.4099;164.7822;0.6396526
C:\Users\dgawronski\dodo\Rover_Project_1_dgawronski\scr_shots\IMG\robocam_2018_04_27_15_29_02_797.jpg;-6.009677;0;0.3001728;-1.371477;79.10877;76.58161;0.05095842;165.211;0.902381
C:\Users\dgawronski\dodo\Rover_Project_1_dgawronski\scr_shots\IMG\robocam_2018_04_27_15_29_02_863.jpg;-9.018907;0;0.5007881;-1.30864;79.17439;76.56244;0.522;165.73;0.9683847
C:\Users\dgawronski\dodo\Rover_Project_1_dgawronski\scr_shots\IMG\robocam_2018_04_27_15_29_02_930.jpg;-12.01112;0;0.7002693;-1.181455;79.23516;76.545;0.9189304;166.2071;0.8376703
C:\Users\dgawronski\dodo\Rover_Project_1_dgawronski\scr_shots\IMG\robocam_2018_04_27_15_29_02_996.jpg;-15;0;0.8999254;-1.040625;79.30294;76.52477;1.458449;167.1655;0.4237374
C:\Users\dgawronski\dodo\Rover_Project_1_dgawronski\scr_shots\IMG\robocam_2018_04_27_15_29_03_063.jpg;-15;0;1;-0.8630552;79.34261;76.51527;1.830988;168.1825;359.8946
C:\Users\dgawronski\dodo\Rover_Project_1_dgawronski\scr_shots\IMG\robocam_2018_04_27_15_29_03_130.jpg;-15;0;1;-0.6515809;79.37746;76.50328;1.880429;169.2967;359.6608
C:\Users\dgawronski\dodo\Rover_Project_1_dgawronski\scr_shots\IMG\robocam_2018_04_27_15_29_03_196.jpg;-15;0;1;-0.4526771;79.41005;76.49061;1.817156;169.8828;359.5986
C:\Users\dgawronski\dodo\Rover_Project_1_dgawronski\scr_shots\IMG\robocam_2018_04_27_15_29_03_263.jpg;-15;0;1;-0.2742091;79.42313;76.48318;1.686955;169.8727;359.7302
C:\Users\dgawronski\dodo\Rover_Project_1_dgawronski\scr_shots\IMG\robocam_2018_04_27_15_29_03_330.jpg;-15;0;1;0.04359721;79.42249;76.48094;1.519268;169.8653;359.9794
C:\Users\dgawronski\dodo\Rover_Project_1_dgawronski\scr_shots\IMG\robocam_2018_04_27_15_29_03_397.jpg;-15;0;1;0.1450026;79.42285;76.48196;0.9220678;169.8571;0.193424
C:\Users\dgawronski\dodo\Rover_Project_1_dgawronski\scr_shots\IMG\robocam_2018_04_27_15_29_03_463.jpg;-15;0;1;0.1446225;79.42272;76.48207;0.4564203;169.858;0.3087642
C:\Users\dgawronski\dodo\Rover_Project_1_dgawronski\scr_shots\IMG\robocam_2018_04_27_15_29_03_530.jpg;-15;0;1;0.1342781;79.42258;76.48215;0.01576923;169.8605;0.4083095
C:\Users\dgawronski\dodo\Rover_Project_1_dgawronski\scr_shots\IMG\robocam_2018_04_27_15_29_03_597.jpg;-15;0;1;0.124205;79.42257;76.48273;359.5019;169.8651;0.4733728
C:\Users\dgawronski\dodo\Rover_Project_1_dgawronski\scr_shots\IMG\robocam_2018_04_27_15_29_03_664.jpg;-15;0;1;0.09581649;79.42258;76.4831;359.2038;169.8675;0.4575243
C:\Users\dgawronski\dodo\Rover_Project_1_dgawronski\scr_shots\IMG\robocam_2018_04_27_15_29_03_730.jpg;-11.99831;0;1;0.06114202;79.4225;76.48318;359.021;169.8696;0.3576871
C:\Users\dgawronski\dodo\Rover_Project_1_dgawronski\scr_shots\IMG\robocam_2018_04_27_15_29_03_797.jpg;-8.992908;0;1;0.06399701;79.42246;76.48315;358.9721;169.8672;0.06975232
C:\Users\dgawronski\dodo\Rover_Project_1_dgawronski\scr_shots\IMG\robocam_2018_04_27_15_29_03_864.jpg;-5.99118;0;1;0.06508969;79.42244;76.48301;358.9855;169.8629;359.8704
C:\Users\dgawronski\dodo\Rover_Project_1_dgawronski\scr_shots\IMG\robocam_2018_04_27_15_29_03_930.jpg;-9.003712;0;1;-0.05114789;79.42238;76.4827;359.049;169.8605;359.7302
C:\Users\dgawronski\dodo\Rover_Project_1_dgawronski\scr_shots\IMG\robocam_2018_04_27_15_29_03_998.jpg;-12.00008;0;1;-0.04402756;79.42223;76.48206;359.2147;169.8602;359.6413
C:\Users\dgawronski\dodo\Rover_Project_1_dgawronski\scr_shots\IMG\robocam_2018_04_27_15_29_04_064.jpg;-14.9883;0;1;-0.04506177;79.42221;76.48184;359.3604;169.8607;359.6005
C:\Users\dgawronski\dodo\Rover_Project_1_dgawronski\scr_shots\IMG\robocam_2018_04_27_15_29_04_131.jpg;-15;0;1;-0.04443875;79.42224;76.48177;359.5056;169.8615;359.5663
C:\Users\dgawronski\dodo\Rover_Project_1_dgawronski\scr_shots\IMG\robocam_2018_04_27_15_29_04_198.jpg;-15;0;1;-0.04334603;79.42229;76.48167;359.6968;169.8628;359.5389
C:\Users\dgawronski\dodo\Rover_Project_1_dgawronski\scr_shots\IMG\robocam_2018_04_27_15_29_04_264.jpg;0;0;0;-0.04166307;79.42233;76.48164;359.8419;168.9637;359.5288
C:\Users\dgawronski\dodo\Rover_Project_1_dgawronski\scr_shots\IMG\robocam_2018_04_27_15_29_04_330.jpg;0;0;0.1015919;-0.03893891;79.42237;76.4816;359.9727;168.9648;359.534
C:\Users\dgawronski\dodo\Rover_Project_1_dgawronski\scr_shots\IMG\robocam_2018_04_27_15_29_04_398.jpg;0;0;0.3004356;-0.03645274;79.42243;76.48158;0.1328954;168.9661;359.5543
C:\Users\dgawronski\dodo\Rover_Project_1_dgawronski\scr_shots\IMG\robocam_2018_04_27_15_29_04_464.jpg;0;0;0.5010424;-0.03367455;79.42247;76.48157;0.2402169;168.9669;359.5787
C:\Users\dgawronski\dodo\Rover_Project_1_dgawronski\scr_shots\IMG\robocam_2018_04_27_15_29_04_531.jpg;0;0;0.7004399;-0.02894604;79.42251;76.48157;0.3305619;168.9674;359.6146
C:\Users\dgawronski\dodo\Rover_Project_1_dgawronski\scr_shots\IMG\robocam_2018_04_27_15_29_04_598.jpg;0;0;0.9009519;-0.02563722;79.42254;76.48158;0.424608;168.9677;359.6767
C:\Users\dgawronski\dodo\Rover_Project_1_dgawronski\scr_shots\IMG\robocam_2018_04_27_15_29_04_665.jpg;0;0;1;-0.02299652;79.42256;76.48159;0.4771178;168.9676;359.7294
C:\Users\dgawronski\dodo\Rover_Project_1_dgawronski\scr_shots\IMG\robocam_2018_04_27_15_29_04_731.jpg;0;0;1;-0.01991228;79.42258;76.48161;0.516233;168.9673;359.7836
C:\Users\dgawronski\dodo\Rover_Project_1_dgawronski\scr_shots\IMG\robocam_2018_04_27_15_29_04_798.jpg;0;0;1;-0.01787118;79.4226;76.48164;0.5485666;168.9669;359.8553
C:\Users\dgawronski\dodo\Rover_Project_1_dgawronski\scr_shots\IMG\robocam_2018_04_27_15_29_04_865.jpg;0;0;1;-0.01617173;79.4226;76.48165;0.5586075;168.9668;359.9072
C:\Users\dgawronski\dodo\Rover_Project_1_dgawronski\scr_shots\IMG\robocam_2018_04_27_15_29_04_931.jpg;0;0;1;0.01463666;79.4226;76.48167;0.5571801;168.9667;359.9563
C:\Users\dgawronski\dodo\Rover_Project_1_dgawronski\scr_shots\IMG\robocam_2018_04_27_15_29_04_998.jpg;0;0;1;0.01406447;79.4226;76.4817;0.5389491;168.9665;0.01639043
C:\Users\dgawronski\dodo\Rover_Project_1_dgawronski\scr_shots\IMG\robocam_2018_04_27_15_29_05_065.jpg;0;0;0;0.01394795;79.42259;76.48171;0.5143569;168.9665;0.05656229
C:\Users\dgawronski\dodo\Rover_Project_1_dgawronski\scr_shots\IMG\robocam_2018_04_27_15_29_05_131.jpg;0;0.1004996;0;0.01432884;79.42284;76.48169;0.4759161;168.8766;0.09261858
C:\Users\dgawronski\dodo\Rover_Project_1_dgawronski\scr_shots\IMG\robocam_2018_04_27_15_29_05_198.jpg;0;0.3003503;0;0.01336355;79.42184;76.48197;0.4420132;168.7466;0.1289254
C:\Users\dgawronski\dodo\Rover_Project_1_dgawronski\scr_shots\IMG\robocam_2018_04_27_15_29_05_265.jpg;0;0.5007436;0;0.03242121;79.41928;76.48256;0.4459817;168.8202;0.144774
C:\Users\dgawronski\dodo\Rover_Project_1_dgawronski\scr_shots\IMG\robocam_2018_04_27_15_29_05_331.jpg;0;0.7005832;0;0.06335925;79.41435;76.48363;0.4877337;168.7477;0.1511496
C:\Users\dgawronski\dodo\Rover_Project_1_dgawronski\scr_shots\IMG\robocam_2018_04_27_15_29_05_398.jpg;0;0.9007376;0;0.1092514;79.40322;76.48605;0.6105511;168.5271;0.1401463
C:\Users\dgawronski\dodo\Rover_Project_1_dgawronski\scr_shots\IMG\robocam_2018_04_27_15_29_05_465.jpg;-3.008742;1;0;0.1467857;79.39107;76.48891;0.7553405;168.7468;0.1055668
C:\Users\dgawronski\dodo\Rover_Project_1_dgawronski\scr_shots\IMG\robocam_2018_04_27_15_29_05_531.jpg;-6.021005;1;0;0.2180484;79.37489;76.49304;0.951968;168.7124;0.0496023
C:\Users\dgawronski\dodo\Rover_Project_1_dgawronski\scr_shots\IMG\robocam_2018_04_27_15_29_05_598.jpg;-9.016397;1;0;0.2706937;79.34904;76.49973;1.227174;168.5509;359.9778
C:\Users\dgawronski\dodo\Rover_Project_1_dgawronski\scr_shots\IMG\robocam_2018_04_27_15_29_05_665.jpg;-12.01142;1;0;0.3119456;79.32838;76.5054;1.300857;168.0387;0.000631902
C:\Users\dgawronski\dodo\Rover_Project_1_dgawronski\scr_shots\IMG\robocam_2018_04_27_15_29_05_732.jpg;-15;1;0;0.392846;79.30807;76.51221;1.197313;167.6124;0.002744254
C:\Users\dgawronski\dodo\Rover_Project_1_dgawronski\scr_shots\IMG\robocam_2018_04_27_15_29_05_798.jpg;-15;1;0;0.4567899;79.27469;76.52381;1.13312;166.9051;0.004232503
C:\Users\dgawronski\dodo\Rover_Project_1_dgawronski\scr_shots\IMG\robocam_2018_04_27_15_29_05_865.jpg;-15;1;0;0.4871964;79.24609;76.53414;1.138214;166.1733;0.001371591
C:\Users\dgawronski\dodo\Rover_Project_1_dgawronski\scr_shots\IMG\robocam_2018_04_27_15_29_05_932.jpg;-15;1;0;0.5606813;79.21393;76.54601;1.190444;165.4576;-0.001277201
C:\Users\dgawronski\dodo\Rover_Project_1_dgawronski\scr_shots\IMG\robocam_2018_04_27_15_29_05_999.jpg;-15;1;0;0.5910913;79.16846;76.56367;1.21465;164.5876;0.003721795
C:\Users\dgawronski\dodo\Rover_Project_1_dgawronski\scr_shots\IMG\robocam_2018_04_27_15_29_06_065.jpg;-15;1;0;0.6410801;79.132;76.57864;1.203992;163.7857;0.003411846
C:\Users\dgawronski\dodo\Rover_Project_1_dgawronski\scr_shots\IMG\robocam_2018_04_27_15_29_06_132.jpg;-15;1;0;0.7105344;79.09285;76.59516;1.188725;163.1429;0.003386742
C:\Users\dgawronski\dodo\Rover_Project_1_dgawronski\scr_shots\IMG\robocam_2018_04_27_15_29_06_199.jpg;-15;1;0;0.7564128;79.03674;76.61973;1.18914;161.9315;0.005923796
C:\Users\dgawronski\dodo\Rover_Project_1_dgawronski\scr_shots\IMG\robocam_2018_04_27_15_29_06_266.jpg;-15;1;0;0.8066778;78.99184;76.64037;1.1926;160.8181;0.006619247
C:\Users\dgawronski\dodo\Rover_Project_1_dgawronski\scr_shots\IMG\robocam_2018_04_27_15_29_06_332.jpg;-15;1;0;0.8686685;78.94489;76.66304;1.191923;159.7429;0.005335532
C:\Users\dgawronski\dodo\Rover_Project_1_dgawronski\scr_shots\IMG\robocam_2018_04_27_15_29_06_399.jpg;-15;1;0;0.9193368;78.87833;76.69662;1.202925;158.3291;0.00498639
C:\Users\dgawronski\dodo\Rover_Project_1_dgawronski\scr_shots\IMG\robocam_2018_04_27_15_29_06_466.jpg;-15;1;0;0.9684453;78.82591;76.7243;1.207311;157.294;0.004554346
C:\Users\dgawronski\dodo\Rover_Project_1_dgawronski\scr_shots\IMG\robocam_2018_04_27_15_29_06_533.jpg;-15;1;0;1.035209;78.77158;76.75417;1.20225;156.2755;0.004820239
C:\Users\dgawronski\dodo\Rover_Project_1_dgawronski\scr_shots\IMG\robocam_2018_04_27_15_29_06_599.jpg;-15;1;0;1.080398;78.69613;76.79771;1.205781;154.7626;-0.004220978
C:\Users\dgawronski\dodo\Rover_Project_1_dgawronski\scr_shots\IMG\robocam_2018_04_27_15_29_06_666.jpg;-15;1;0;1.123122;78.6374;76.83324;1.214218;153.6063;359.9875
C:\Users\dgawronski\dodo\Rover_Project_1_dgawronski\scr_shots\IMG\robocam_2018_04_27_15_29_06_733.jpg;-15;1;0;1.189445;78.57706;76.87133;1.214213;152.4365;359.9782
C:\Users\dgawronski\dodo\Rover_Project_1_dgawronski\scr_shots\IMG\robocam_2018_04_27_15_29_06_800.jpg;-15;1;0;1.235438;78.49432;76.92624;1.209543;150.7822;359.9652
C:\Users\dgawronski\dodo\Rover_Project_1_dgawronski\scr_shots\IMG\robocam_2018_04_27_15_29_06_866.jpg;-15;1;0;1.275931;78.43069;76.97073;1.207903;149.4748;359.9535
C:\Users\dgawronski\dodo\Rover_Project_1_dgawronski\scr_shots\IMG\robocam_2018_04_27_15_29_06_934.jpg;-15;1;0;1.338355;78.36569;77.01817;1.204289;148.1511;359.9458
C:\Users\dgawronski\dodo\Rover_Project_1_dgawronski\scr_shots\IMG\robocam_2018_04_27_15_29_07_000.jpg;-15;1;0;1.387695;78.27762;77.08619;1.188484;146.317;359.9319
C:\Users\dgawronski\dodo\Rover_Project_1_dgawronski\scr_shots\IMG\robocam_2018_04_27_15_29_07_067.jpg;-15;1;0;1.430869;78.21062;77.14093;1.170012;144.8976;359.9164
C:\Users\dgawronski\dodo\Rover_Project_1_dgawronski\scr_shots\IMG\robocam_2018_04_27_15_29_07_133.jpg;-15;1;0;1.491308;78.14292;77.19897;1.149773;143.4465;359.8942
C:\Users\dgawronski\dodo\Rover_Project_1_dgawronski\scr_shots\IMG\robocam_2018_04_27_15_29_07_200.jpg;-15;1;0;1.536188;78.05196;77.28161;1.11294;141.4601;359.856
C:\Users\dgawronski\dodo\Rover_Project_1_dgawronski\scr_shots\IMG\robocam_2018_04_27_15_29_07_267.jpg;-15;1;0;1.580811;77.98345;77.34754;1.073815;139.9336;359.8235
C:\Users\dgawronski\dodo\Rover_Project_1_dgawronski\scr_shots\IMG\robocam_2018_04_27_15_29_07_333.jpg;-15;1;0;1.639895;77.91489;77.41711;1.031764;138.3795;359.7805
C:\Users\dgawronski\dodo\Rover_Project_1_dgawronski\scr_shots\IMG\robocam_2018_04_27_15_29_07_400.jpg;-15;1;0;1.684085;77.82374;77.51534;0.9591572;136.2616;359.7188
C:\Users\dgawronski\dodo\Rover_Project_1_dgawronski\scr_shots\IMG\robocam_2018_04_27_15_29_07_467.jpg;-15;1;0;1.72783;77.7558;77.59337;0.8995542;134.6406;359.6621
C:\Users\dgawronski\dodo\Rover_Project_1_dgawronski\scr_shots\IMG\robocam_2018_04_27_15_29_07_533.jpg;-15;1;0;1.78581;77.68845;77.67509;0.8321798;132.9948;359.601
C:\Users\dgawronski\dodo\Rover_Project_1_dgawronski\scr_shots\IMG\robocam_2018_04_27_15_29_07_601.jpg;-15;1;0;1.829023;77.59995;77.78982;0.7281961;130.7596;359.5148
C:\Users\dgawronski\dodo\Rover_Project_1_dgawronski\scr_shots\IMG\robocam_2018_04_27_15_29_07_667.jpg;-15;1;0;1.871914;77.53481;77.88038;0.6449415;129.0549;359.4421
C:\Users\dgawronski\dodo\Rover_Project_1_dgawronski\scr_shots\IMG\robocam_2018_04_27_15_29_07_734.jpg;-13.49144;1;0;1.927986;77.47076;77.97472;0.5599017;127.3556;359.3677
C:\Users\dgawronski\dodo\Rover_Project_1_dgawronski\scr_shots\IMG\robocam_2018_04_27_15_29_07_800.jpg;-10.48201;1;0;1.973823;77.38476;78.10579;0.4764539;125.4648;359.3012
C:\Users\dgawronski\dodo\Rover_Project_1_dgawronski\scr_shots\IMG\robocam_2018_04_27_15_29_07_867.jpg;-7.486771;1;0;2.018728;77.3191;78.20778;0.4465393;124.384;359.2863
C:\Users\dgawronski\dodo\Rover_Project_1_dgawronski\scr_shots\IMG\robocam_2018_04_27_15_29_07_934.jpg;-4.488895;1;0;2.078221;77.25203;78.31268;0.4460661;123.5982;359.3089
C:\Users\dgawronski\dodo\Rover_Project_1_dgawronski\scr_shots\IMG\robocam_2018_04_27_15_29_08_001.jpg;-1.48188;1;0;2.122891;77.15923;78.45688;0.514958;123.0701;359.3948
C:\Users\dgawronski\dodo\Rover_Project_1_dgawronski\scr_shots\IMG\robocam_2018_04_27_15_29_08_067.jpg;0;1;0;2.165655;77.08669;78.56807;0.6286764;122.9935;359.4915
C:\Users\dgawronski\dodo\Rover_Project_1_dgawronski\scr_shots\IMG\robocam_2018_04_27_15_29_08_134.jpg;0;1;0;2.222475;77.01223;78.68188;0.7816075;122.9949;359.6039
C:\Users\dgawronski\dodo\Rover_Project_1_dgawronski\scr_shots\IMG\robocam_2018_04_27_15_29_08_201.jpg;0;1;0;2.265455;76.91031;78.83723;1.011602;123.021;359.787
C:\Users\dgawronski\dodo\Rover_Project_1_dgawronski\scr_shots\IMG\robocam_2018_04_27_15_29_08_268.jpg;0;1;0;2.308403;76.83201;78.9565;1.200145;123.0416;359.9364
C:\Users\dgawronski\dodo\Rover_Project_1_dgawronski\scr_shots\IMG\robocam_2018_04_27_15_29_08_334.jpg;0;1;0;2.365514;76.75355;79.07832;1.369488;123.0307;0.01179011
C:\Users\dgawronski\dodo\Rover_Project_1_dgawronski\scr_shots\IMG\robocam_2018_04_27_15_29_08_401.jpg;0;1;0;2.406161;76.64983;79.24123;1.347053;123.0347;-0.001540874
C:\Users\dgawronski\dodo\Rover_Project_1_dgawronski\scr_shots\IMG\robocam_2018_04_27_15_29_08_468.jpg;0;1;0;2.45873;76.57002;79.36542;1.297742;123.0291;-0.0006218934
C:\Users\dgawronski\dodo\Rover_Project_1_dgawronski\scr_shots\IMG\robocam_2018_04_27_15_29_08_534.jpg;0;1;0;2.515585;76.48839;79.49227;1.288957;123.0143;-0.0007007253
C:\Users\dgawronski\dodo\Rover_Project_1_dgawronski\scr_shots\IMG\robocam_2018_04_27_15_29_08_601.jpg;1.504666;1;0;2.557556;76.37659;79.66521;1.327304;123.067;-0.001154131
C:\Users\dgawronski\dodo\Rover_Project_1_dgawronski\scr_shots\IMG\robocam_2018_04_27_15_29_08_667.jpg;4.503449;1;0;2.598232;76.28955;79.79591;1.339689;123.4457;0.004168168
C:\Users\dgawronski\dodo\Rover_Project_1_dgawronski\scr_shots\IMG\robocam_2018_04_27_15_29_08_734.jpg;1.496397;1;0;2.655932;76.2006;79.92797;1.329562;123.8574;-0.003476622
C:\Users\dgawronski\dodo\Rover_Project_1_dgawronski\scr_shots\IMG\robocam_2018_04_27_15_29_08_801.jpg;0;1;0;2.698324;76.0798;80.10812;1.351721;123.9974;-0.001900629
C:\Users\dgawronski\dodo\Rover_Project_1_dgawronski\scr_shots\IMG\robocam_2018_04_27_15_29_08_868.jpg;0;1;0;2.739094;75.98788;80.24554;1.352981;124.0035;-0.001451126
C:\Users\dgawronski\dodo\Rover_Project_1_dgawronski\scr_shots\IMG\robocam_2018_04_27_15_29_08_934.jpg;0;1;0;2.796419;75.89461;80.38509;1.350908;123.9938;-0.001403727
C:\Users\dgawronski\dodo\Rover_Project_1_dgawronski\scr_shots\IMG\robocam_2018_04_27_15_29_09_002.jpg;0;1;0;2.838853;75.76801;80.57456;1.358036;123.9771;-0.001410296
C:\Users\dgawronski\dodo\Rover_Project_1_dgawronski\scr_shots\IMG\robocam_2018_04_27_15_29_09_068.jpg;0;1;0;2.879942;75.67149;80.7191;1.362532;123.964;-0.001442912
C:\Users\dgawronski\dodo\Rover_Project_1_dgawronski\scr_shots\IMG\robocam_2018_04_27_15_29_09_134.jpg;3.013888;1;0;2.935371;75.57291;80.86518;1.363683;124.111;-0.002552172
C:\Users\dgawronski\dodo\Rover_Project_1_dgawronski\scr_shots\IMG\robocam_2018_04_27_15_29_09_202.jpg;6.007987;1;0;2.976026;75.43595;81.06046;1.352163;124.8829;0.01204087
C:\Users\dgawronski\dodo\Rover_Project_1_dgawronski\scr_shots\IMG\robocam_2018_04_27_15_29_09_268.jpg;6.024806;1;0;3.028205;75.32862;81.20642;1.316179;125.8302;0.05242169
C:\Users\dgawronski\dodo\Rover_Project_1_dgawronski\scr_shots\IMG\robocam_2018_04_27_15_29_09_335.jpg;3.031501;1;0;3.070386;75.21906;81.35355;1.267254;126.5919;0.07326891
C:\Users\dgawronski\dodo\Rover_Project_1_dgawronski\scr_shots\IMG\robocam_2018_04_27_15_29_09_402.jpg;6.023143;1;0;3.11102;75.06766;81.55039;1.202366;127.556;0.1276668
C:\Users\dgawronski\dodo\Rover_Project_1_dgawronski\scr_shots\IMG\robocam_2018_04_27_15_29_09_468.jpg;9.032114;1;0;3.149842;74.94849;81.69669;1.141697;128.6384;0.2225266
C:\Users\dgawronski\dodo\Rover_Project_1_dgawronski\scr_shots\IMG\robocam_2018_04_27_15_29_09_535.jpg;12.038;1;0;3.198877;74.78231;81.88766;0.960369;130.6971;0.3747226
C:\Users\dgawronski\dodo\Rover_Project_1_dgawronski\scr_shots\IMG\robocam_2018_04_27_15_29_09_602.jpg;15;1;0;3.234896;74.65065;82.02589;0.7507289;132.7029;0.5537785
C:\Users\dgawronski\dodo\Rover_Project_1_dgawronski\scr_shots\IMG\robocam_2018_04_27_15_29_09_668.jpg;11.99003;1;0;3.281542;74.51363;82.16051;0.493324;134.754;0.7639377
C:\Users\dgawronski\dodo\Rover_Project_1_dgawronski\scr_shots\IMG\robocam_2018_04_27_15_29_09_735.jpg;8.985344;1;0;3.319973;74.32393;82.3372;0.1307995;136.9718;1.041333
C:\Users\dgawronski\dodo\Rover_Project_1_dgawronski\scr_shots\IMG\robocam_2018_04_27_15_29_09_802.jpg;6.005414;1;0;3.358443;74.17684;82.46958;359.9045;138.1514;1.179101
C:\Users\dgawronski\dodo\Rover_Project_1_dgawronski\scr_shots\IMG\robocam_2018_04_27_15_29_09_868.jpg;2.990566;1;0;3.400811;74.02536;82.60535;359.8889;138.8479;1.141005
C:\Users\dgawronski\dodo\Rover_Project_1_dgawronski\scr_shots\IMG\robocam_2018_04_27_15_29_09_935.jpg;0;1;0;3.442097;73.81576;82.7896;0.0746747;139.2933;0.9743097
C:\Users\dgawronski\dodo\Rover_Project_1_dgawronski\scr_shots\IMG\robocam_2018_04_27_15_29_10_002.jpg;0;1;0;3.481447;73.65536;82.92867;0.2272242;139.3596;0.844991
C:\Users\dgawronski\dodo\Rover_Project_1_dgawronski\scr_shots\IMG\robocam_2018_04_27_15_29_10_069.jpg;0;1;0;3.532345;73.49239;83.06927;0.4167852;139.3684;0.709313
C:\Users\dgawronski\dodo\Rover_Project_1_dgawronski\scr_shots\IMG\robocam_2018_04_27_15_29_10_135.jpg;0;1;0;3.570645;73.27209;83.25941;0.6949581;139.3515;0.4951788
C:\Users\dgawronski\dodo\Rover_Project_1_dgawronski\scr_shots\IMG\robocam_2018_04_27_15_29_10_202.jpg;0;1;0;3.608716;73.10458;83.40402;0.9240285;139.3291;0.32519
C:\Users\dgawronski\dodo\Rover_Project_1_dgawronski\scr_shots\IMG\robocam_2018_04_27_15_29_10_269.jpg;0;1;0;3.65935;72.93531;83.55038;1.162327;139.3016;0.1502046
C:\Users\dgawronski\dodo\Rover_Project_1_dgawronski\scr_shots\IMG\robocam_2018_04_27_15_29_10_336.jpg;0;1;0;3.697616;72.70669;83.74682;1.451717;139.2867;359.9933
C:\Users\dgawronski\dodo\Rover_Project_1_dgawronski\scr_shots\IMG\robocam_2018_04_27_15_29_10_402.jpg;0;1;0;3.733433;72.53493;83.89277;1.462527;139.2644;-0.003517412
C:\Users\dgawronski\dodo\Rover_Project_1_dgawronski\scr_shots\IMG\robocam_2018_04_27_15_29_10_469.jpg;0;1;0;3.794905;72.36287;84.04078;1.412951;139.228;-0.001699153
C:\Users\dgawronski\dodo\Rover_Project_1_dgawronski\scr_shots\IMG\robocam_2018_04_27_15_29_10_536.jpg;0;1;0;3.832697;72.13094;84.24163;1.385327;139.1997;-0.001619548
C:\Users\dgawronski\dodo\Rover_Project_1_dgawronski\scr_shots\IMG\robocam_2018_04_27_15_29_10_603.jpg;0;1;0;3.870303;71.95488;84.39455;1.390782;139.1794;-0.001351655
C:\Users\dgawronski\dodo\Rover_Project_1_dgawronski\scr_shots\IMG\robocam_2018_04_27_15_29_10_669.jpg;0;1;0;3.920303;71.77702;84.54932;1.414311;139.1566;-0.001211127
C:\Users\dgawronski\dodo\Rover_Project_1_dgawronski\scr_shots\IMG\robocam_2018_04_27_15_29_10_736.jpg;0;1;0;3.957734;71.53732;84.75829;1.455109;139.123;-0.001824516
C:\Users\dgawronski\dodo\Rover_Project_1_dgawronski\scr_shots\IMG\robocam_2018_04_27_15_29_10_802.jpg;0;1;0;3.995359;71.35592;84.91663;1.46335;139.1048;-0.001911689
C:\Users\dgawronski\dodo\Rover_Project_1_dgawronski\scr_shots\IMG\robocam_2018_04_27_15_29_10_869.jpg;0;1;0;4.046346;71.17311;85.07633;1.452349;139.09;-0.001883229
C:\Users\dgawronski\dodo\Rover_Project_1_dgawronski\scr_shots\IMG\robocam_2018_04_27_15_29_10_936.jpg;3.00119;1;0;4.08436;70.92576;85.29073;1.447342;139.3019;-0.002744103
C:\Users\dgawronski\dodo\Rover_Project_1_dgawronski\scr_shots\IMG\robocam_2018_04_27_15_29_11_003.jpg;5.999296;1;0;4.120795;70.73663;85.45075;1.427209;139.8482;0.007424156
C:\Users\dgawronski\dodo\Rover_Project_1_dgawronski\scr_shots\IMG\robocam_2018_04_27_15_29_11_069.jpg;6.004352;1;0;4.168665;70.54345;85.60865;1.384012;140.7447;0.0640405
C:\Users\dgawronski\dodo\Rover_Project_1_dgawronski\scr_shots\IMG\robocam_2018_04_27_15_29_11_136.jpg;2.997645;1;0;4.206188;70.28193;85.81864;1.286272;141.7276;0.1324526
C:\Users\dgawronski\dodo\Rover_Project_1_dgawronski\scr_shots\IMG\robocam_2018_04_27_15_29_11_203.jpg;0.0007933751;1;0;4.243397;70.08315;85.97686;1.208047;142.0724;0.1675282
C:\Users\dgawronski\dodo\Rover_Project_1_dgawronski\scr_shots\IMG\robocam_2018_04_27_15_29_11_269.jpg;0;1;0;4.292496;69.88177;86.13612;1.156134;142.1653;0.203859
C:\Users\dgawronski\dodo\Rover_Project_1_dgawronski\scr_shots\IMG\robocam_2018_04_27_15_29_11_337.jpg;0;1;0;4.328426;69.60981;86.35044;1.122128;142.165;0.2321408
C:\Users\dgawronski\dodo\Rover_Project_1_dgawronski\scr_shots\IMG\robocam_2018_04_27_15_29_11_403.jpg;0;1;0;4.364439;69.40338;86.51288;1.123037;142.1385;0.2340773
C:\Users\dgawronski\dodo\Rover_Project_1_dgawronski\scr_shots\IMG\robocam_2018_04_27_15_29_11_470.jpg;0;1;0;4.411517;69.19509;86.6769;1.141127;142.102;0.2140513
C:\Users\dgawronski\dodo\Rover_Project_1_dgawronski\scr_shots\IMG\robocam_2018_04_27_15_29_11_537.jpg;2.998861;1;0;4.447524;68.9134;86.89652;1.18859;142.2848;0.1942635
C:\Users\dgawronski\dodo\Rover_Project_1_dgawronski\scr_shots\IMG\robocam_2018_04_27_15_29_11_603.jpg;6.015104;1;0;4.482297;68.69859;87.06021;1.209788;142.799;0.1978464
C:\Users\dgawronski\dodo\Rover_Project_1_dgawronski\scr_shots\IMG\robocam_2018_04_27_15_29_11_669.jpg;5.993089;1;0;4.5282;68.4804;87.22176;1.194296;143.6526;0.2229424
C:\Users\dgawronski\dodo\Rover_Project_1_dgawronski\scr_shots\IMG\robocam_2018_04_27_15_29_11_737.jpg;3.000116;1;0;4.565093;68.18538;87.43584;1.124823;144.6163;0.2466552
C:\Users\dgawronski\dodo\Rover_Project_1_dgawronski\scr_shots\IMG\robocam_2018_04_27_15_29_11_803.jpg;0;1;0;4.6006;67.96082;87.59649;1.084363;144.9621;0.2752626
C:\Users\dgawronski\dodo\Rover_Project_1_dgawronski\scr_shots\IMG\robocam_2018_04_27_15_29_11_871.jpg;0;1;0;4.647902;67.73393;87.758;1.059672;145.0648;0.2949838
C:\Users\dgawronski\dodo\Rover_Project_1_dgawronski\scr_shots\IMG\robocam_2018_04_27_15_29_11_937.jpg;0;1;0;4.682775;67.42794;87.97488;1.052755;145.0751;0.3007381
C:\Users\dgawronski\dodo\Rover_Project_1_dgawronski\scr_shots\IMG\robocam_2018_04_27_15_29_12_003.jpg;0;1;0;4.716902;67.19609;88.13895;1.065844;145.0498;0.2824432
C:\Users\dgawronski\dodo\Rover_Project_1_dgawronski\scr_shots\IMG\robocam_2018_04_27_15_29_12_070.jpg;0;1;0;4.76334;66.96217;88.30438;1.101455;145.0165;0.2524508
C:\Users\dgawronski\dodo\Rover_Project_1_dgawronski\scr_shots\IMG\robocam_2018_04_27_15_29_12_137.jpg;0;1;0;4.797555;66.64732;88.52721;1.17768;144.9644;0.191502
C:\Users\dgawronski\dodo\Rover_Project_1_dgawronski\scr_shots\IMG\robocam_2018_04_27_15_29_12_204.jpg;0;1;0;4.831651;66.40908;88.69603;1.252209;144.9216;0.1317518
C:\Users\dgawronski\dodo\Rover_Project_1_dgawronski\scr_shots\IMG\robocam_2018_04_27_15_29_12_270.jpg;0;1;0;4.876992;66.16915;88.86641;1.339366;144.8763;0.05696692
C:\Users\dgawronski\dodo\Rover_Project_1_dgawronski\scr_shots\IMG\robocam_2018_04_27_15_29_12_338.jpg;0;1;0;4.910939;65.84619;89.09501;1.462422;144.8394;-0.00403833
C:\Users\dgawronski\dodo\Rover_Project_1_dgawronski\scr_shots\IMG\robocam_2018_04_27_15_29_12_404.jpg;0;1;0;4.944953;65.60182;89.26722;1.541674;144.8332;-0.004360466
C:\Users\dgawronski\dodo\Rover_Project_1_dgawronski\scr_shots\IMG\robocam_2018_04_27_15_29_12_470.jpg;0;1;0;4.992639;65.35694;89.44015;1.542542;144.8174;-0.002883705
C:\Users\dgawronski\dodo\Rover_Project_1_dgawronski\scr_shots\IMG\robocam_2018_04_27_15_29_12_537.jpg;0;1;0;5.033689;65.03294;89.67003;1.341236;144.7605;-0.001514316
C:\Users\dgawronski\dodo\Rover_Project_1_dgawronski\scr_shots\IMG\robocam_2018_04_27_15_29_12_604.jpg;0;1;0;5.013128;64.78917;89.84355;1.245093;144.7301;-0.001354191
C:\Users\dgawronski\dodo\Rover_Project_1_dgawronski\scr_shots\IMG\robocam_2018_04_27_15_29_12_670.jpg;-2.994893;1;0;5.015962;64.54558;90.01806;1.182359;144.566;-0.0005409808
C:\Users\dgawronski\dodo\Rover_Project_1_dgawronski\scr_shots\IMG\robocam_2018_04_27_15_29_12_738.jpg;-6.006271;1;0;4.995697;64.22203;90.25405;1.145831;143.8926;-0.001133077
C:\Users\dgawronski\dodo\Rover_Project_1_dgawronski\scr_shots\IMG\robocam_2018_04_27_15_29_12_804.jpg;-8.996813;1;0;5.007139;63.98182;90.43472;1.142512;142.9967;359.9662
C:\Users\dgawronski\dodo\Rover_Project_1_dgawronski\scr_shots\IMG\robocam_2018_04_27_15_29_12_871.jpg;-11.99767;1;0;4.989307;63.74553;90.62041;1.138305;141.7215;359.8235
C:\Users\dgawronski\dodo\Rover_Project_1_dgawronski\scr_shots\IMG\robocam_2018_04_27_15_29_12_938.jpg;-8.993946;1;0;5.007954;63.43642;90.87299;1.047802;139.8688;359.5969
C:\Users\dgawronski\dodo\Rover_Project_1_dgawronski\scr_shots\IMG\robocam_2018_04_27_15_29_13_005.jpg;-5.987763;1;0;5.009446;63.20932;91.06464;0.8454653;138.6215;359.4837
C:\Users\dgawronski\dodo\Rover_Project_1_dgawronski\scr_shots\IMG\robocam_2018_04_27_15_29_13_071.jpg;-5.969792;1;0;5.011639;62.98625;91.26026;0.6263973;137.6974;359.3274
C:\Users\dgawronski\dodo\Rover_Project_1_dgawronski\scr_shots\IMG\robocam_2018_04_27_15_29_13_138.jpg;-8.985036;1;0;5.010986;62.69604;91.52792;0.2996906;136.3487;359.0569
C:\Users\dgawronski\dodo\Rover_Project_1_dgawronski\scr_shots\IMG\robocam_2018_04_27_15_29_13_204.jpg;-5.983833;1;0;5.010526;62.48287;91.73258;0.0246211;135.3341;358.8613
C:\Users\dgawronski\dodo\Rover_Project_1_dgawronski\scr_shots\IMG\robocam_2018_04_27_15_29_13_271.jpg;-2.988134;1;0;5.010035;62.27015;91.93995;359.8435;134.6478;358.7813
C:\Users\dgawronski\dodo\Rover_Project_1_dgawronski\scr_shots\IMG\robocam_2018_04_27_15_29_13_338.jpg;0;1;0;5.004102;61.98235;92.22226;359.9735;134.2898;358.9697
C:\Users\dgawronski\dodo\Rover_Project_1_dgawronski\scr_shots\IMG\robocam_2018_04_27_15_29_13_405.jpg;2.99305;1;0;5.011991;61.76791;92.43695;0.1289548;134.34;359.1029
C:\Users\dgawronski\dodo\Rover_Project_1_dgawronski\scr_shots\IMG\robocam_2018_04_27_15_29_13_472.jpg;6.006016;1;0;5.017528;61.55239;92.65155;0.3199896;134.7528;359.2695
C:\Users\dgawronski\dodo\Rover_Project_1_dgawronski\scr_shots\IMG\robocam_2018_04_27_15_29_13_538.jpg;9.006259;0.8995268;0;5.0063;61.25974;92.93363;0.6304703;135.9737;359.6274
C:\Users\dgawronski\dodo\Rover_Project_1_dgawronski\scr_shots\IMG\robocam_2018_04_27_15_29_13_605.jpg;12.00534;0.6995883;0;5.007366;61.03537;93.13947;0.8622558;137.3412;0.02722774
C:\Users\dgawronski\dodo\Rover_Project_1_dgawronski\scr_shots\IMG\robocam_2018_04_27_15_29_13_672.jpg;15;0.4991045;0;5.003277;60.808;93.33875;0.9927773;139.039;0.4731804
C:\Users\dgawronski\dodo\Rover_Project_1_dgawronski\scr_shots\IMG\robocam_2018_04_27_15_29_13_738.jpg;15;0.299014;0;4.999671;60.5031;93.59267;0.8573005;141.8508;1.001793
C:\Users\dgawronski\dodo\Rover_Project_1_dgawronski\scr_shots\IMG\robocam_2018_04_27_15_29_13_805.jpg;15;0.09918039;0;4.992227;60.27254;93.77158;0.4892719;144.1624;1.378118
C:\Users\dgawronski\dodo\Rover_Project_1_dgawronski\scr_shots\IMG\robocam_2018_04_27_15_29_13_871.jpg;15;0;0;4.970247;60.04131;93.9416;359.9137;146.2812;1.646047
C:\Users\dgawronski\dodo\Rover_Project_1_dgawronski\scr_shots\IMG\robocam_2018_04_27_15_29_13_939.jpg;15;0;0;4.947854;59.72394;94.16117;359.4486;148.8523;1.69946
C:\Users\dgawronski\dodo\Rover_Project_1_dgawronski\scr_shots\IMG\robocam_2018_04_27_15_29_14_005.jpg;15;0;0;4.918812;59.47748;94.31824;359.3664;150.7812;1.592868
C:\Users\dgawronski\dodo\Rover_Project_1_dgawronski\scr_shots\IMG\robocam_2018_04_27_15_29_14_072.jpg;15;0;0;4.882417;59.2245;94.46661;359.4299;152.7792;1.43894
C:\Users\dgawronski\dodo\Rover_Project_1_dgawronski\scr_shots\IMG\robocam_2018_04_27_15_29_14_139.jpg;15;0;0;4.858283;58.87705;94.65044;359.7592;155.6151;1.086383
C:\Users\dgawronski\dodo\Rover_Project_1_dgawronski\scr_shots\IMG\robocam_2018_04_27_15_29_14_206.jpg;15;0;0;4.790782;58.61106;94.76778;0.01456068;157.3241;1.042465
C:\Users\dgawronski\dodo\Rover_Project_1_dgawronski\scr_shots\IMG\robocam_2018_04_27_15_29_14_272.jpg;15;0.1017557;0;4.756724;58.34436;94.87173;0.101384;159.3899;1.154551
C:\Users\dgawronski\dodo\Rover_Project_1_dgawronski\scr_shots\IMG\robocam_2018_04_27_15_29_14_338.jpg;13.49583;0.3001301;0;4.745295;57.99088;94.99778;359.9204;162.2429;1.190031
C:\Users\dgawronski\dodo\Rover_Project_1_dgawronski\scr_shots\IMG\robocam_2018_04_27_15_29_14_405.jpg;13.50531;0.5002419;0;4.735902;57.72125;95.08266;359.8794;164.0402;1.204576
C:\Users\dgawronski\dodo\Rover_Project_1_dgawronski\scr_shots\IMG\robocam_2018_04_27_15_29_14_472.jpg;15;0.6996155;0;4.732993;57.44564;95.15791;0.01458998;165.8842;1.249107
C:\Users\dgawronski\dodo\Rover_Project_1_dgawronski\scr_shots\IMG\robocam_2018_04_27_15_29_14_539.jpg;15;0.9003187;0;4.739725;57.07781;95.24694;0.007772222;168.4167;1.152714
C:\Users\dgawronski\dodo\Rover_Project_1_dgawronski\scr_shots\IMG\robocam_2018_04_27_15_29_14_605.jpg;13.49142;1;0;4.764027;56.79709;95.30083;0.01657431;170.4367;1.140295
C:\Users\dgawronski\dodo\Rover_Project_1_dgawronski\scr_shots\IMG\robocam_2018_04_27_15_29_14_672.jpg;10.50135;1;0;4.801213;56.51337;95.34579;0.005911689;172.2432;1.160076
C:\Users\dgawronski\dodo\Rover_Project_1_dgawronski\scr_shots\IMG\robocam_2018_04_27_15_29_14_739.jpg;7.500455;1;0;4.83396;56.13066;95.39521;359.9867;174.1493;1.163638
C:\Users\dgawronski\dodo\Rover_Project_1_dgawronski\scr_shots\IMG\robocam_2018_04_27_15_29_14_806.jpg;4.497831;1;0;4.863235;55.83974;95.42619;0.01235539;175.1602;1.111653
C:\Users\dgawronski\dodo\Rover_Project_1_dgawronski\scr_shots\IMG\robocam_2018_04_27_15_29_14_872.jpg;1.496;1;0;4.90713;55.5468;95.45238;0.005606998;175.8135;1.07248
C:\Users\dgawronski\dodo\Rover_Project_1_dgawronski\scr_shots\IMG\robocam_2018_04_27_15_29_14_939.jpg;0;1;0;4.941503;55.15203;95.48344;0.02406441;176.1501;1.00945
C:\Users\dgawronski\dodo\Rover_Project_1_dgawronski\scr_shots\IMG\robocam_2018_04_27_15_29_15_006.jpg;0;1;0;4.974914;54.85255;95.50486;0.0878391;176.2234;0.9701461
C:\Users\dgawronski\dodo\Rover_Project_1_dgawronski\scr_shots\IMG\robocam_2018_04_27_15_29_15_072.jpg;0;1;0;5.011459;54.55075;95.52585;0.1890524;176.2474;0.9073915
C:\Users\dgawronski\dodo\Rover_Project_1_dgawronski\scr_shots\IMG\robocam_2018_04_27_15_29_15_139.jpg;0;1;0;5.017265;54.14742;95.55334;0.3823852;176.2566;0.7947158
C:\Users\dgawronski\dodo\Rover_Project_1_dgawronski\scr_shots\IMG\robocam_2018_04_27_15_29_15_206.jpg;0;1;0;5.006103;53.8449;95.57407;0.5329336;176.2455;0.6671051
C:\Users\dgawronski\dodo\Rover_Project_1_dgawronski\scr_shots\IMG\robocam_2018_04_27_15_29_15_273.jpg;0;1;0;5.006828;53.54174;95.5947;0.7078926;176.2407;0.5253905
C:\Users\dgawronski\dodo\Rover_Project_1_dgawronski\scr_shots\IMG\robocam_2018_04_27_15_29_15_340.jpg;0;1;0;5.014245;53.13736;95.62228;0.9582697;176.2118;0.3226053
C:\Users\dgawronski\dodo\Rover_Project_1_dgawronski\scr_shots\IMG\robocam_2018_04_27_15_29_15_406.jpg;0;1;0;5.008969;52.8339;95.64319;1.1593;176.1785;0.1664251
C:\Users\dgawronski\dodo\Rover_Project_1_dgawronski\scr_shots\IMG\robocam_2018_04_27_15_29_15_473.jpg;0;1;0;5.002605;52.5299;95.66444;1.373269;176.1506;0.007745418
C:\Users\dgawronski\dodo\Rover_Project_1_dgawronski\scr_shots\IMG\robocam_2018_04_27_15_29_15_539.jpg;1.506099;1;0;5.014575;52.12664;95.68952;1.558999;176.2109;359.9899
C:\Users\dgawronski\dodo\Rover_Project_1_dgawronski\scr_shots\IMG\robocam_2018_04_27_15_29_15_607.jpg;4.508532;1;0;5.012424;51.82831;95.70686;1.421508;176.3647;0.0005163184
C:\Users\dgawronski\dodo\Rover_Project_1_dgawronski\scr_shots\IMG\robocam_2018_04_27_15_29_15_673.jpg;1.504077;1;0;5.019447;51.53014;95.72376;1.299082;177.0372;-0.002688744
C:\Users\dgawronski\dodo\Rover_Project_1_dgawronski\scr_shots\IMG\robocam_2018_04_27_15_29_15_740.jpg;0;1;0;5.018225;51.13103;95.74606;1.208687;177.1193;0.001078449
C:\Users\dgawronski\dodo\Rover_Project_1_dgawronski\scr_shots\IMG\robocam_2018_04_27_15_29_15_807.jpg;0;1;0;4.978817;50.8321;95.76228;1.161312;177.2949;-8.379375E-06
C:\Users\dgawronski\dodo\Rover_Project_1_dgawronski\scr_shots\IMG\robocam_2018_04_27_15_29_15_873.jpg;0;1;0;5.017705;50.53196;95.77816;1.155241;177.2855;-0.0006120666
C:\Users\dgawronski\dodo\Rover_Project_1_dgawronski\scr_shots\IMG\robocam_2018_04_27_15_29_15_940.jpg;1.518029;1;0;4.988502;50.13103;95.79877;1.181461;177.3307;-0.0008577446
C:\Users\dgawronski\dodo\Rover_Project_1_dgawronski\scr_shots\IMG\robocam_2018_04_27_15_29_16_006.jpg;4.494285;1;0;5.00768;49.82998;95.81208;1.220194;177.6261;0.0177234
C:\Users\dgawronski\dodo\Rover_Project_1_dgawronski\scr_shots\IMG\robocam_2018_04_27_15_29_16_074.jpg;7.492889;1;0;4.991957;49.52874;95.82195;1.259464;178.2626;0.08599736
C:\Users\dgawronski\dodo\Rover_Project_1_dgawronski\scr_shots\IMG\robocam_2018_04_27_15_29_16_140.jpg;4.47584;1;0;5.006883;49.12726;95.83069;1.294526;179.2426;0.2179677
C:\Users\dgawronski\dodo\Rover_Project_1_dgawronski\scr_shots\IMG\robocam_2018_04_27_15_29_16_207.jpg;1.478745;1;0;5.022764;48.82863;95.83747;1.176175;179.7915;0.1764554
C:\Users\dgawronski\dodo\Rover_Project_1_dgawronski\scr_shots\IMG\robocam_2018_04_27_15_29_16_274.jpg;0;1;0;5.006312;48.52926;95.84091;1.088645;179.9957;0.1911014
C:\Users\dgawronski\dodo\Rover_Project_1_dgawronski\scr_shots\IMG\robocam_2018_04_27_15_29_16_340.jpg;2.993626;1;0;5.017147;48.12978;95.84174;1.010936;180.2633;0.2649547
C:\Users\dgawronski\dodo\Rover_Project_1_dgawronski\scr_shots\IMG\robocam_2018_04_27_15_29_16_407.jpg;5.996428;1;0;5.01957;47.82917;95.83862;0.991552;180.7755;0.3665167
C:\Users\dgawronski\dodo\Rover_Project_1_dgawronski\scr_shots\IMG\robocam_2018_04_27_15_29_16_474.jpg;9.012378;0.7989367;0;5.008024;47.53034;95.83193;0.9238214;181.5876;0.4750678
C:\Users\dgawronski\dodo\Rover_Project_1_dgawronski\scr_shots\IMG\robocam_2018_04_27_15_29_16_540.jpg;9.009435;0.5981679;0;5.025324;47.13529;95.81426;0.6811578;183.1944;0.641874
C:\Users\dgawronski\dodo\Rover_Project_1_dgawronski\scr_shots\IMG\robocam_2018_04_27_15_29_16_607.jpg;6.027061;0.399343;0;4.999637;46.84012;95.79562;0.4476911;184.2927;0.7966412
C:\Users\dgawronski\dodo\Rover_Project_1_dgawronski\scr_shots\IMG\robocam_2018_04_27_15_29_16_673.jpg;3.013121;0.1984137;0;4.999446;46.54619;95.77309;0.1656002;185.09;0.9694444
C:\Users\dgawronski\dodo\Rover_Project_1_dgawronski\scr_shots\IMG\robocam_2018_04_27_15_29_16_740.jpg;0.01794711;0;0;4.991066;46.15476;95.73985;359.8193;185.592;1.152928
C:\Users\dgawronski\dodo\Rover_Project_1_dgawronski\scr_shots\IMG\robocam_2018_04_27_15_29_16_808.jpg;0;0;0;4.975761;45.85819;95.71608;359.7784;185.6516;1.040202
C:\Users\dgawronski\dodo\Rover_Project_1_dgawronski\scr_shots\IMG\robocam_2018_04_27_15_29_16_874.jpg;0;0;0.1996689;4.936091;45.56259;95.69062;359.7999;185.5762;0.8668906
C:\Users\dgawronski\dodo\Rover_Project_1_dgawronski\scr_shots\IMG\robocam_2018_04_27_15_29_16_941.jpg;0;0;0.4005939;4.872502;45.1781;95.65494;359.6641;185.5027;0.6475617
C:\Users\dgawronski\dodo\Rover_Project_1_dgawronski\scr_shots\IMG\robocam_2018_04_27_15_29_17_007.jpg;0;0;0.6004155;4.776264;44.90059;95.62891;359.3651;185.4708;0.464679
C:\Users\dgawronski\dodo\Rover_Project_1_dgawronski\scr_shots\IMG\robocam_2018_04_27_15_29_17_074.jpg;0;0;0.7999786;4.593374;44.63411;95.60474;358.9136;185.486;0.2085414
C:\Users\dgawronski\dodo\Rover_Project_1_dgawronski\scr_shots\IMG\robocam_2018_04_27_15_29_17_141.jpg;0;0;1;4.452502;44.28996;95.57045;358.4142;185.6302;359.9743
C:\Users\dgawronski\dodo\Rover_Project_1_dgawronski\scr_shots\IMG\robocam_2018_04_27_15_29_17_208.jpg;0;0;1;4.333282;44.0365;95.54186;358.2801;185.9263;0.01295625
C:\Users\dgawronski\dodo\Rover_Project_1_dgawronski\scr_shots\IMG\robocam_2018_04_27_15_29_17_274.jpg;0;0;1;4.164929;43.78669;95.51503;358.3434;186.2128;359.9792
C:\Users\dgawronski\dodo\Rover_Project_1_dgawronski\scr_shots\IMG\robocam_2018_04_27_15_29_17_342.jpg;0;0;1;4.052093;43.46394;95.47773;358.5873;186.3912;0.03201861
C:\Users\dgawronski\dodo\Rover_Project_1_dgawronski\scr_shots\IMG\robocam_2018_04_27_15_29_17_407.jpg;0;0;1;3.890202;43.23418;95.45259;358.7317;186.5;0.02335254
C:\Users\dgawronski\dodo\Rover_Project_1_dgawronski\scr_shots\IMG\robocam_2018_04_27_15_29_17_475.jpg;0;0;1;3.608973;42.94777;95.42086;358.7422;186.4923;359.9919
C:\Users\dgawronski\dodo\Rover_Project_1_dgawronski\scr_shots\IMG\robocam_2018_04_27_15_29_17_541.jpg;0;0;1;3.403699;42.75049;95.39809;358.5455;186.5119;0.01814694
C:\Users\dgawronski\dodo\Rover_Project_1_dgawronski\scr_shots\IMG\robocam_2018_04_27_15_29_17_608.jpg;0;0;1;3.238462;42.56303;95.37716;358.3476;186.5729;0.008883419
C:\Users\dgawronski\dodo\Rover_Project_1_dgawronski\scr_shots\IMG\robocam_2018_04_27_15_29_17_674.jpg;0;0;1;3.083999;42.37925;95.35634;358.3488;186.6013;0.00665414
C:\Users\dgawronski\dodo\Rover_Project_1_dgawronski\scr_shots\IMG\robocam_2018_04_27_15_29_17_741.jpg;0;0;1;2.965263;42.14149;95.32948;358.6186;186.6091;359.9924
C:\Users\dgawronski\dodo\Rover_Project_1_dgawronski\scr_shots\IMG\robocam_2018_04_27_15_29_17_809.jpg;0;0;1;2.803463;41.97562;95.31058;358.7613;186.6178;359.9935
C:\Users\dgawronski\dodo\Rover_Project_1_dgawronski\scr_shots\IMG\robocam_2018_04_27_15_29_17_876.jpg;0;0;1;2.531644;41.77645;95.28786;358.7078;186.6557;-0.00452914
C:\Users\dgawronski\dodo\Rover_Project_1_dgawronski\scr_shots\IMG\robocam_2018_04_27_15_29_17_942.jpg;0;0;1;2.385525;41.63747;95.27181;358.6833;186.6511;-0.004501322
C:\Users\dgawronski\dodo\Rover_Project_1_dgawronski\scr_shots\IMG\robocam_2018_04_27_15_29_18_008.jpg;0;0;1;2.198976;41.50653;95.25668;358.7198;186.6429;-0.004705788
C:\Users\dgawronski\dodo\Rover_Project_1_dgawronski\scr_shots\IMG\robocam_2018_04_27_15_29_18_075.jpg;0;0;1;2.005737;41.34922;95.23854;358.6733;186.6382;-0.004724715
C:\Users\dgawronski\dodo\Rover_Project_1_dgawronski\scr_shots\IMG\robocam_2018_04_27_15_29_18_141.jpg;0;0;1;1.860288;41.24239;95.2262;358.6263;186.6389;-0.001301472
C:\Users\dgawronski\dodo\Rover_Project_1_dgawronski\scr_shots\IMG\robocam_2018_04_27_15_29_18_208.jpg;0;0;1;1.685795;41.14202;95.21474;358.6959;186.6384;-0.004157033
C:\Users\dgawronski\dodo\Rover_Project_1_dgawronski\scr_shots\IMG\robocam_2018_04_27_15_29_18_276.jpg;0;0;1;1.464405;41.02798;95.20179;358.6101;186.6386;-0.005050116
C:\Users\dgawronski\dodo\Rover_Project_1_dgawronski\scr_shots\IMG\robocam_2018_04_27_15_29_18_342.jpg;0;0;1;1.332995;40.95116;95.19302;358.6087;186.6404;-0.0005994724
C:\Users\dgawronski\dodo\Rover_Project_1_dgawronski\scr_shots\IMG\robocam_2018_04_27_15_29_18_409.jpg;0;0;1;1.161143;40.88282;95.18541;358.6579;186.6399;-0.00407255
C:\Users\dgawronski\dodo\Rover_Project_1_dgawronski\scr_shots\IMG\robocam_2018_04_27_15_29_18_475.jpg;0;0;1;0.9335963;40.81032;95.17743;358.5815;186.6576;-0.005478797
C:\Users\dgawronski\dodo\Rover_Project_1_dgawronski\scr_shots\IMG\robocam_2018_04_27_15_29_18_542.jpg;0;0;1;0.7965549;40.76851;95.17239;358.5211;186.7631;0.004294258
C:\Users\dgawronski\dodo\Rover_Project_1_dgawronski\scr_shots\IMG\robocam_2018_04_27_15_29_18_609.jpg;0;0;1;0.5127764;40.73878;95.16899;358.4984;186.8454;359.9938
C:\Users\dgawronski\dodo\Rover_Project_1_dgawronski\scr_shots\IMG\robocam_2018_04_27_15_29_18_675.jpg;0;0;1;0.2921182;40.72058;95.1655;358.412;187.1205;0.006857582
C:\Users\dgawronski\dodo\Rover_Project_1_dgawronski\scr_shots\IMG\robocam_2018_04_27_15_29_18_742.jpg;0;0;1;0.05597327;40.72039;95.16534;358.3627;187.1381;359.943
C:\Users\dgawronski\dodo\Rover_Project_1_dgawronski\scr_shots\IMG\robocam_2018_04_27_15_29_18_809.jpg;0;0;1;-0.06856123;40.72034;95.16515;358.5923;187.1707;0.01885456
C:\Users\dgawronski\dodo\Rover_Project_1_dgawronski\scr_shots\IMG\robocam_2018_04_27_15_29_18_875.jpg;0;0;1;-0.1048911;40.72054;95.1652;359.0631;187.1693;0.01289979
C:\Users\dgawronski\dodo\Rover_Project_1_dgawronski\scr_shots\IMG\robocam_2018_04_27_15_29_18_942.jpg;0;0;1;-0.1033977;40.72068;95.16522;359.4063;187.1692;0.01258338
C:\Users\dgawronski\dodo\Rover_Project_1_dgawronski\scr_shots\IMG\robocam_2018_04_27_15_29_19_009.jpg;0;0;1;-0.09821367;40.72082;95.16524;359.736;187.1692;0.01202518
C:\Users\dgawronski\dodo\Rover_Project_1_dgawronski\scr_shots\IMG\robocam_2018_04_27_15_29_19_076.jpg;0;0;1;-0.0924973;40.72098;95.16526;0.1453884;187.1691;0.01096464
C:\Users\dgawronski\dodo\Rover_Project_1_dgawronski\scr_shots\IMG\robocam_2018_04_27_15_29_19_143.jpg;0;0;1;-0.08543814;40.72108;95.16526;0.4241063;187.169;0.009978966
C:\Users\dgawronski\dodo\Rover_Project_1_dgawronski\scr_shots\IMG\robocam_2018_04_27_15_29_19_209.jpg;0;0;1;-0.07432561;40.72117;95.16526;0.6744704;187.1689;0.008870683
C:\Users\dgawronski\dodo\Rover_Project_1_dgawronski\scr_shots\IMG\robocam_2018_04_27_15_29_19_276.jpg;0;0;0;-0.05922932;40.72126;95.16527;0.9252614;187.1689;359.989
C:\Users\dgawronski\dodo\Rover_Project_1_dgawronski\scr_shots\IMG\robocam_2018_04_27_15_29_19_343.jpg;0;0;0;-0.04485972;40.7213;95.16528;1.062809;187.1689;359.9925
C:\Users\dgawronski\dodo\Rover_Project_1_dgawronski\scr_shots\IMG\robocam_2018_04_27_15_29_19_410.jpg;0;0;0;-0.0297885;40.72134;95.16528;1.158416;187.17;0.005272222
C:\Users\dgawronski\dodo\Rover_Project_1_dgawronski\scr_shots\IMG\robocam_2018_04_27_15_29_19_477.jpg;0;0;0;-0.01153722;40.72131;95.1656;1.188761;187.1699;-0.0003946884
C:\Users\dgawronski\dodo\Rover_Project_1_dgawronski\scr_shots\IMG\robocam_2018_04_27_15_29_19_543.jpg;0;0;0;0;40.72129;95.1657;1.148875;187.1698;-0.0009371514
C:\Users\dgawronski\dodo\Rover_Project_1_dgawronski\scr_shots\IMG\robocam_2018_04_27_15_29_19_609.jpg;0;0;0;0.0182246;40.72127;95.16579;1.087498;187.1697;0.001860494
C:\Users\dgawronski\dodo\Rover_Project_1_dgawronski\scr_shots\IMG\robocam_2018_04_27_15_29_19_676.jpg;0;0;0;0.02326135;40.72123;95.16586;0.9779214;187.1697;0.003711788
C:\Users\dgawronski\dodo\Rover_Project_1_dgawronski\scr_shots\IMG\robocam_2018_04_27_15_29_19_743.jpg;0;0;0;0.02738187;40.7212;95.16586;0.8815519;187.1696;0.006831638
C:\Users\dgawronski\dodo\Rover_Project_1_dgawronski\scr_shots\IMG\robocam_2018_04_27_15_29_19_809.jpg;0;0;0;0.03150766;40.72116;95.16586;0.7752411;187.1696;0.009532588
C:\Users\dgawronski\dodo\Rover_Project_1_dgawronski\scr_shots\IMG\robocam_2018_04_27_15_29_19_876.jpg;0;0;0;0.03363966;40.72112;95.16586;0.6228434;187.1696;0.01251079
C:\Users\dgawronski\dodo\Rover_Project_1_dgawronski\scr_shots\IMG\robocam_2018_04_27_15_29_19_943.jpg;0;0;0;0.03497354;40.72108;95.16586;0.5040397;187.1696;0.01423282
C:\Users\dgawronski\dodo\Rover_Project_1_dgawronski\scr_shots\IMG\robocam_2018_04_27_15_29_20_010.jpg;0;0;0;0.03556861;40.72104;95.16584;0.3842087;187.1697;0.01551683
C:\Users\dgawronski\dodo\Rover_Project_1_dgawronski\scr_shots\IMG\robocam_2018_04_27_15_29_20_076.jpg;0;0;0;0.03518713;40.72099;95.16583;0.2269089;187.1697;0.01657106
C:\Users\dgawronski\dodo\Rover_Project_1_dgawronski\scr_shots\IMG\robocam_2018_04_27_15_29_20_143.jpg;0;0;0;0.03415869;40.72095;95.16582;0.1135621;187.1698;0.01689628
C:\Users\dgawronski\dodo\Rover_Project_1_dgawronski\scr_shots\IMG\robocam_2018_04_27_15_29_20_210.jpg;0;0;0;0.03189603;40.72091;95.16582;0.006282691;187.1698;0.01685313
C:\Users\dgawronski\dodo\Rover_Project_1_dgawronski\scr_shots\IMG\robocam_2018_04_27_15_29_20_277.jpg;0;0;0;0.02962513;40.72086;95.16581;359.8754;187.1699;0.0162795
C:\Users\dgawronski\dodo\Rover_Project_1_dgawronski\scr_shots\IMG\robocam_2018_04_27_15_29_20_344.jpg;0;0;0;0.02694887;40.72083;95.1658;359.7881;187.1699;0.01551158
C:\Users\dgawronski\dodo\Rover_Project_1_dgawronski\scr_shots\IMG\robocam_2018_04_27_15_29_20_410.jpg;0;0;0;0.02288926;40.72079;95.1658;359.7113;187.1699;0.01449743
C:\Users\dgawronski\dodo\Rover_Project_1_dgawronski\scr_shots\IMG\robocam_2018_04_27_15_29_20_477.jpg;0;0;0;0.01958126;40.72076;95.16579;359.6262;187.17;0.0128346
C:\Users\dgawronski\dodo\Rover_Project_1_dgawronski\scr_shots\IMG\robocam_2018_04_27_15_29_20_543.jpg;0;0;0;0.01613665;40.72073;95.16579;359.576;187.17;0.01140899
C:\Users\dgawronski\dodo\Rover_Project_1_dgawronski\scr_shots\IMG\robocam_2018_04_27_15_29_20_610.jpg;0;0;0;0.01146284;40.72072;95.16579;359.5376;187.17;0.0098744
C:\Users\dgawronski\dodo\Rover_Project_1_dgawronski\scr_shots\IMG\robocam_2018_04_27_15_29_20_678.jpg;0;0;0;0;40.72071;95.16578;359.5051;187.17;0.006981381
